Serial,Event,&quot;Region&quot;,Date (YMD),Directly affected,Indirectly Affected,Losses $USD
1312,EPIDEMIC,DJIBOUTI,2009/4/0,0,0,0
1311,EPIDEMIC,DJIBOUTI,2009/11/0,0,0,0
1310,EPIDEMIC,DJIBOUTI,2009/11/0,0,0,0
1309,EPIDEMIC,DJIBOUTI,2009/10/0,0,0,0
1308,EPIDEMIC,DJIBOUTI,2009/9/0,0,0,0
1307,EPIDEMIC,DJIBOUTI,2009/9/0,0,0,0
1306,EPIDEMIC,DJIBOUTI,2009/9/0,0,0,0
1305,EPIDEMIC,DJIBOUTI,2009/7/0,0,0,0
1304,EPIDEMIC,DJIBOUTI,2009/7/0,0,0,0
1303,EPIDEMIC,DJIBOUTI,2009/5/0,0,0,0
1302,EPIDEMIC,DJIBOUTI,2009/4/0,0,0,0
1301,EPIDEMIC,DJIBOUTI,2009/4/0,0,0,0
1300,EPIDEMIC,DJIBOUTI,2009/3/0,0,0,0
1299,EPIDEMIC,DJIBOUTI,2009/3/0,0,0,0
1298,EPIDEMIC,DJIBOUTI,2009/2/0,0,0,0
1297,EPIDEMIC,DJIBOUTI,2009/2/0,0,0,0
1296,EPIDEMIC,DJIBOUTI,2009/2/0,0,0,0
1295,EPIDEMIC,DJIBOUTI,2009/1/0,0,0,0
1294,EPIDEMIC,DJIBOUTI,2009/1/0,0,0,0
1293,EPIDEMIC,DJIBOUTI,2009/4/0,0,0,0
1292,EPIDEMIC,DJIBOUTI,2009/3/0,0,0,0
1291,EPIDEMIC,DJIBOUTI,2009/1/0,0,0,0
1290,EPIDEMIC,DJIBOUTI,2009/1/0,0,0,0
1289,EPIDEMIC,DJIBOUTI,2006/12/0,0,0,0
1288,EPIDEMIC,DJIBOUTI,2006/10/0,0,0,0
1287,EPIDEMIC,DJIBOUTI,2006/3/0,0,0,0
1286,EPIDEMIC,DJIBOUTI,2011/12/0,0,0,0
1285,EPIDEMIC,DJIBOUTI,2011/12/0,0,0,0
1284,EPIDEMIC,DJIBOUTI,2011/11/0,0,0,0
1283,EPIDEMIC,DJIBOUTI,2011/11/0,0,0,0
1282,EPIDEMIC,DJIBOUTI,2011/10/0,0,0,0
1281,EPIDEMIC,DJIBOUTI,2011/9/0,0,0,0
1280,EPIDEMIC,DJIBOUTI,2011/4/0,0,0,0
1279,EPIDEMIC,DJIBOUTI,2011/3/0,0,0,0
1278,EPIDEMIC,DJIBOUTI,2010/11/0,0,0,0
1277,EPIDEMIC,DJIBOUTI,2010/11/0,0,0,0
1276,EPIDEMIC,DJIBOUTI,2010/10/0,0,0,0
1275,EPIDEMIC,DJIBOUTI,2010/9/0,0,0,0
1274,EPIDEMIC,DJIBOUTI,2010/9/0,0,0,0
1273,EPIDEMIC,DJIBOUTI,2010/8/0,0,0,0
1272,EPIDEMIC,DJIBOUTI,2010/8/0,0,0,0
1271,EPIDEMIC,DJIBOUTI,2010/8/0,0,0,0
1270,EPIDEMIC,DJIBOUTI,2010/5/0,0,0,0
1269,EPIDEMIC,DJIBOUTI,2010/3/0,0,0,0
1268,EPIDEMIC,DJIBOUTI,2009/11/0,0,0,0
1267,EPIDEMIC,DJIBOUTI,2009/9/0,0,0,0
1266,EPIDEMIC,DJIBOUTI,2009/7/0,0,0,0
1265,EPIDEMIC,DJIBOUTI,2009/1/0,0,0,0
1264,EPIDEMIC,DJIBOUTI,2009/11/0,0,0,0
1263,EPIDEMIC,DJIBOUTI,2009/10/0,0,0,0
1262,EPIDEMIC,DJIBOUTI,2009/10/0,0,0,0
1261,EPIDEMIC,DJIBOUTI,2009/7/0,0,0,0
1260,EPIDEMIC,DJIBOUTI,2009/4/0,0,0,0
1259,EPIDEMIC,DJIBOUTI,2009/1/0,0,0,0
1258,EPIDEMIC,DJIBOUTI,2009/12/0,0,0,0
1257,EPIDEMIC,DJIBOUTI,2009/10/0,0,0,0
1256,EPIDEMIC,DJIBOUTI,2009/10/0,0,0,0
1255,EPIDEMIC,DJIBOUTI,2009/9/0,0,0,0
1254,EPIDEMIC,DJIBOUTI,2009/9/0,0,0,0
1253,EPIDEMIC,DJIBOUTI,2009/8/0,0,0,0
1252,EPIDEMIC,DJIBOUTI,2009/7/0,0,0,0
1251,EPIDEMIC,DJIBOUTI,2009/4/0,0,0,0
1250,EPIDEMIC,DJIBOUTI,2009/3/0,0,0,0
1249,EPIDEMIC,DJIBOUTI,2009/2/0,0,0,0
1248,EPIDEMIC,DJIBOUTI,2009/1/0,0,0,0
1247,EPIDEMIC,DJIBOUTI,2009/1/0,0,0,0
1246,EPIDEMIC,DJIBOUTI,2011/12/0,0,0,0
1245,EPIDEMIC,DJIBOUTI,2011/11/0,0,0,0
1244,EPIDEMIC,DJIBOUTI,2011/6/0,0,0,0
1243,EPIDEMIC,DJIBOUTI,2011/3/0,0,0,0
1242,EPIDEMIC,DJIBOUTI,2010/12/0,0,0,0
1241,EPIDEMIC,DJIBOUTI,2010/11/0,0,0,0
1240,EPIDEMIC,DJIBOUTI,2010/11/0,0,0,0
1239,EPIDEMIC,DJIBOUTI,2010/10/0,0,0,0
1238,EPIDEMIC,DJIBOUTI,2010/9/0,0,0,0
1237,EPIDEMIC,DJIBOUTI,2010/8/0,0,0,0
1236,EPIDEMIC,DJIBOUTI,2007/10/0,0,0,0
1235,EPIDEMIC,DJIBOUTI,2007/7/0,0,0,0
1234,EPIDEMIC,DJIBOUTI,2007/6/0,0,0,0
1233,EPIDEMIC,DJIBOUTI,2007/2/0,0,0,0
1232,EPIDEMIC,DJIBOUTI,2007/1/0,0,0,0
1231,EPIDEMIC,DJIBOUTI,2010/12/0,0,0,0
1230,EPIDEMIC,DJIBOUTI,2010/11/0,0,0,0
1229,EPIDEMIC,DJIBOUTI,2010/10/0,0,0,0
1228,EPIDEMIC,DJIBOUTI,2010/10/0,0,0,0
1227,EPIDEMIC,DJIBOUTI,2010/9/0,0,0,0
1226,EPIDEMIC,DJIBOUTI,2010/8/0,0,0,0
1225,EPIDEMIC,DJIBOUTI,2010/8/0,0,0,0
1224,EPIDEMIC,DJIBOUTI,2010/8/0,0,0,0
1223,EPIDEMIC,DJIBOUTI,2010/7/0,0,0,0
1222,EPIDEMIC,DJIBOUTI,2010/4/0,0,0,0
1221,EPIDEMIC,DJIBOUTI,2010/3/0,0,0,0
1220,EPIDEMIC,DJIBOUTI,2010/2/0,0,0,0
1219,EPIDEMIC,DJIBOUTI,2010/1/0,0,0,0
1218,EPIDEMIC,DJIBOUTI,2010/1/0,0,0,0
1217,EPIDEMIC,DJIBOUTI,2010/1/0,0,0,0
1216,EPIDEMIC,DJIBOUTI,2010/4/0,0,0,0
1215,EPIDEMIC,DJIBOUTI,2010/3/0,0,0,0
1214,EPIDEMIC,DJIBOUTI,2010/2/0,0,0,0
1213,EPIDEMIC,DJIBOUTI,2010/1/0,0,0,0
1212,EPIDEMIC,DJIBOUTI,2010/1/0,0,0,0
1211,EPIDEMIC,DJIBOUTI,2009/12/0,0,0,0
1210,EPIDEMIC,DJIBOUTI,2009/12/0,0,0,0
1209,EPIDEMIC,DJIBOUTI,2009/11/0,0,0,0
1208,EPIDEMIC,DJIBOUTI,2009/11/0,0,0,0
1207,EPIDEMIC,DJIBOUTI,2009/10/0,0,0,0
1206,EPIDEMIC,DJIBOUTI,2009/10/0,0,0,0
1205,EPIDEMIC,DJIBOUTI,2009/9/0,0,0,0
1204,EPIDEMIC,DJIBOUTI,2009/7/0,0,0,0
1203,EPIDEMIC,DJIBOUTI,2009/6/0,0,0,0
1202,EPIDEMIC,DJIBOUTI,2009/3/0,0,0,0
1201,EPIDEMIC,DJIBOUTI,2009/4/0,0,0,0
1200,EPIDEMIC,DJIBOUTI,2009/4/0,0,0,0
1199,EPIDEMIC,DJIBOUTI,2006/10/0,0,0,0
1198,EPIDEMIC,DJIBOUTI,2006/10/0,0,0,0
1197,EPIDEMIC,DJIBOUTI,2006/8/0,0,0,0
1196,FLOOD,DJIBOUTI,1994/11/0,0,0,0
1195,ACCIDENT,DJIBOUTI,1981/11/0,0,0,0
1194,ACCIDENT,DJIBOUTI,1986/10/0,0,0,0
1193,ACCIDENT,DJIBOUTI,1984/9/0,0,0,0
1192,ACCIDENT,DJIBOUTI,1983/8/0,0,0,0
1191,ACCIDENT,DJIBOUTI,1981/8/0,0,0,0
1190,Naufrage,DJIBOUTI,2006/4/0,0,0,0
1189,FLOOD,DJIBOUTI,2004/4/0,0,0,0
1188,FLOOD,DJIBOUTI,1981/3/0,0,0,0
1187,ACCIDENT,DJIBOUTI,2011/2/0,0,0,0
1186,FIRE,DJIBOUTI,1986/2/0,0,0,0
1185,Naufrage,DJIBOUTI,1984/1/0,0,0,0
1184,EPIDEMIC,TADJOURAH,2011/1/0,0,0,0
1183,EPIDEMIC,TADJOURAH,2010/1/0,0,0,0
1182,EPIDEMIC,TADJOURAH,2010/7/0,0,0,0
1181,EPIDEMIC,TADJOURAH,2011/1/0,0,0,0
1180,EPIDEMIC,TADJOURAH,2010/11/0,0,0,0
1179,EPIDEMIC,TADJOURAH,2009/2/0,0,0,0
1178,EPIDEMIC,TADJOURAH,2011/10/0,0,0,0
1177,EPIDEMIC,TADJOURAH,2010/4/0,0,0,0
1176,EPIDEMIC,TADJOURAH,2009/3/0,0,0,0
1175,EPIDEMIC,TADJOURAH,2009/2/0,0,0,0
1174,EPIDEMIC,TADJOURAH,2011/9/0,0,0,0
1173,EPIDEMIC,TADJOURAH,2009/9/0,0,0,0
1172,EPIDEMIC,TADJOURAH,2009/10/0,0,0,0
1171,EPIDEMIC,TADJOURAH,2009/1/0,0,0,0
1170,EPIDEMIC,TADJOURAH,2008/3/0,0,0,0
1169,EPIDEMIC,TADJOURAH,2010/4/0,0,0,0
1168,EPIDEMIC,TADJOURAH,2009/8/0,0,0,0
1167,EPIDEMIC,TADJOURAH,2008/12/0,0,0,0
1166,Naufrage,TADJOURAH,17/07/1998,0,0,0
1165,Naufrage,TADJOURAH,1996/1/0,0,0,0
1164,ACCIDENT,TADJOURAH,2012/6/0,0,0,0
1163,FLOOD,TADJOURAH,2007/9/0,0,0,0
1162,FLOOD,TADJOURAH,2009/7/0,0,10,0
1161,FLOOD,TADJOURAH,1997/1/0,0,0,0
1160,DROUGHT,TADJOURAH,2009/0/0,0,0,0
1159,DROUGHT,TADJOURAH,2008/0/0,0,0,0
1158,DROUGHT,TADJOURAH,2011/0/0,0,0,0
1157,FLOOD,TADJOURAH,2004/8/0,0,0,0
1156,FLOOD,TADJOURAH,2007/0/0,0,0,0
1155,FLOOD,TADJOURAH,1992/0/0,0,0,0
1154,DROUGHT,TADJOURAH,2010/0/0,0,0,0
1153,DROUGHT,TADJOURAH,2011/0/0,0,0,0
1152,DROUGHT,TADJOURAH,2008/0/0,0,0,0
1151,DROUGHT,TADJOURAH,2009/0/0,0,0,0
1150,DROUGHT,TADJOURAH,2009/7/0,0,0,0
1149,DROUGHT,TADJOURAH,2008/0/0,0,0,0
1148,DROUGHT,TADJOURAH,2008/0/0,0,0,0
1147,DROUGHT,TADJOURAH,2010/0/0,0,0,0
1146,DROUGHT,TADJOURAH,2011/0/0,0,0,0
1145,DROUGHT,TADJOURAH,2009/0/0,0,0,0
1144,FIRE,TADJOURAH,2007/4/0,0,0,0
1143,FIRE,TADJOURAH,2006/6/0,0,0,0
1142,foudre,TADJOURAH,2002/6/0,0,0,0
1141,foudre,TADJOURAH,2008/8/0,0,0,0
1139,DROUGHT,TADJOURAH,2009/9/0,0,0,0
1138,DROUGHT,TADJOURAH,2009/9/0,0,0,0
1137,DROUGHT,TADJOURAH,2009/9/0,0,0,0
1135,foudre,TADJOURAH,2009/8/0,0,0,0
1134,DROUGHT,TADJOURAH,2007/4/0,0,0,0
1133,DROUGHT,TADJOURAH,2009/4/0,0,0,0
1132,DROUGHT,TADJOURAH,2010/3/0,0,0,0
1131,DROUGHT,TADJOURAH,2006/10/0,0,0,0
1130,DROUGHT,TADJOURAH,2007/9/0,0,0,0
1129,DROUGHT,TADJOURAH,2008/10/0,0,0,0
1128,DROUGHT,TADJOURAH,2008/11/0,0,0,0
1127,DROUGHT,TADJOURAH,2010/11/0,0,0,0
1126,DROUGHT,TADJOURAH,2009/4/0,0,0,0
1125,DROUGHT,TADJOURAH,2009/6/0,0,0,0
1124,DROUGHT,TADJOURAH,2010/5/0,0,0,0
1123,DROUGHT,TADJOURAH,2011/8/0,0,0,0
1122,ACCIDENT,TADJOURAH,2006/9/0,0,0,0
1121,ACCIDENT,TADJOURAH,2004/7/0,0,0,0
1119,DROUGHT,TADJOURAH,2009/9/0,0,0,0
1118,DROUGHT,TADJOURAH,2009/9/0,0,0,0
1117,FLOOD,TADJOURAH,2006/11/0,0,0,0
1116,FLOOD,TADJOURAH,2003/7/0,0,0,0
1108,FLOOD,TADJOURAH,24/09/2011,0,0,0
1106,FLOOD,TADJOURAH,2008/11/0,5,0,0
1104,DROUGHT,TADJOURAH,2009/9/0,0,0,0
1103,FLOOD,TADJOURAH,2006/9/0,0,0,0
1102,foudre,TADJOURAH,2010/10/0,0,0,0
1101,foudre,TADJOURAH,2010/7/0,0,0,0
1100,ACCIDENT,TADJOURAH,2006/2/0,0,0,0
1099,ACCIDENT,TADJOURAH,1999/4/0,0,0,0
1098,DROUGHT,TADJOURAH,2011/0/0,1,0,0
1097,DROUGHT,TADJOURAH,2009/7/0,0,0,0
1096,DROUGHT,TADJOURAH,2010/12/0,0,0,0
1094,EPIDEMIC,TADJOURAH,2011/7/0,0,0,0
1093,EPIDEMIC,TADJOURAH,2009/9/0,0,0,0
1092,EPIDEMIC,TADJOURAH,2010/10/0,0,0,0
1091,EPIDEMIC,TADJOURAH,2011/7/0,0,0,0
1090,EPIDEMIC,TADJOURAH,2010/2/0,0,0,0
1089,EPIDEMIC,TADJOURAH,2011/9/0,0,0,0
1088,EPIDEMIC,TADJOURAH,2011/10/0,0,0,0
1087,EPIDEMIC,TADJOURAH,2011/7/0,0,0,0
1086,EPIDEMIC,TADJOURAH,2009/7/0,0,0,0
1085,EPIDEMIC,TADJOURAH,2010/11/0,0,0,0
1084,EPIDEMIC,TADJOURAH,2010/9/0,0,0,0
1082,FLOOD,TADJOURAH,23/04/2002,0,0,0
1081,FLOOD,TADJOURAH,08/07/2002,0,0,0
1077,FLOOD,TADJOURAH,11/07/2003,0,0,0
1076,FLOOD,TADJOURAH,18/08/2003,0,0,0
1074,FLOOD,TADJOURAH,2009/7/0,0,0,0
1073,foudre,TADJOURAH,2010/10/0,0,0,0
1070,FLOOD,TADJOURAH,30/09/2006,0,0,0
1067,FLOOD,TADJOURAH,15/08/2008,0,0,0
1065,FLOOD,TADJOURAH,20/12/1990,0,0,0
1064,FLOOD,TADJOURAH,20/12/1990,0,0,0
1063,FLOOD,TADJOURAH,20/12/1990,0,0,0
1062,FLOOD,TADJOURAH,20/12/1990,0,0,0
1061,FLOOD,TADJOURAH,17/08/2004,0,0,0
1060,FLOOD,TADJOURAH,20/12/2008,0,0,0
1059,FLOOD,TADJOURAH,10/08/2011,0,0,0
1058,DROUGHT,TADJOURAH,2011/6/0,0,0,0
1057,DROUGHT,TADJOURAH,2011/5/0,0,0,0
1056,DROUGHT,TADJOURAH,2011/8/0,0,0,0
1055,DROUGHT,TADJOURAH,2011/8/0,0,0,0
1054,DROUGHT,TADJOURAH,2011/5/0,0,0,0
1053,DROUGHT,TADJOURAH,2011/7/0,0,0,0
1052,DROUGHT,TADJOURAH,2011/7/0,0,0,0
1051,DROUGHT,TADJOURAH,2011/7/0,0,0,0
1050,foudre,TADJOURAH,2011/0/0,0,0,0
1049,DROUGHT,TADJOURAH,2011/7/0,0,0,0
1048,FLOOD,TADJOURAH,1989/2/0,0,0,0
1047,FLOOD,TADJOURAH,1989/2/0,0,0,0
1046,FLOOD,TADJOURAH,1989/2/0,0,0,0
1045,FLOOD,TADJOURAH,1989/2/0,0,0,0
1042,Naufrage,TADJOURAH,20/05/1994,0,0,0
1041,Naufrage,TADJOURAH,20/08/1996,0,0,0
1039,ACCIDENT,TADJOURAH,16/12/2006,0,0,0
1036,EPIDEMIC,TADJOURAH,09/08/2007,0,0,0
1035,EPIDEMIC,OBOCK,2009/1/0,0,0,0
1034,EPIDEMIC,OBOCK,2009/1/0,0,0,0
1033,EPIDEMIC,OBOCK,2009/2/0,0,0,0
1032,EPIDEMIC,OBOCK,2009/2/0,0,0,0
1031,EPIDEMIC,OBOCK,2009/3/0,0,0,0
1030,EPIDEMIC,OBOCK,2009/3/0,0,0,0
1029,EPIDEMIC,OBOCK,2009/4/0,0,0,0
1028,EPIDEMIC,OBOCK,2009/4/0,0,0,0
1027,EPIDEMIC,OBOCK,2009/5/0,0,0,0
1026,EPIDEMIC,OBOCK,2009/5/0,0,0,0
1025,EPIDEMIC,OBOCK,2009/7/0,0,0,0
1024,EPIDEMIC,OBOCK,2009/6/0,0,0,0
1023,EPIDEMIC,OBOCK,2009/7/0,0,0,0
1022,EPIDEMIC,OBOCK,2009/7/0,0,0,0
1021,EPIDEMIC,OBOCK,2009/8/0,0,0,0
1020,EPIDEMIC,OBOCK,2009/9/0,0,0,0
1019,EPIDEMIC,OBOCK,2009/9/0,0,0,0
1018,EPIDEMIC,OBOCK,2009/10/0,0,0,0
1017,EPIDEMIC,OBOCK,2009/10/0,0,0,0
1016,EPIDEMIC,OBOCK,2009/10/0,0,0,0
1015,EPIDEMIC,OBOCK,2009/11/0,0,0,0
1014,EPIDEMIC,OBOCK,2009/5/0,0,0,0
1013,EPIDEMIC,OBOCK,2009/12/0,0,0,0
1012,EPIDEMIC,OBOCK,2009/1/0,0,0,0
1011,EPIDEMIC,OBOCK,2009/3/0,0,0,0
1010,EPIDEMIC,OBOCK,2009/8/0,0,0,0
1009,EPIDEMIC,OBOCK,2009/9/0,0,0,0
1008,EPIDEMIC,OBOCK,2009/9/0,0,0,0
1007,EPIDEMIC,OBOCK,2009/10/0,0,0,0
1006,EPIDEMIC,OBOCK,2009/12/0,0,0,0
1005,EPIDEMIC,OBOCK,2009/1/0,0,0,0
1004,EPIDEMIC,OBOCK,2009/2/0,0,0,0
1003,EPIDEMIC,OBOCK,2009/2/0,0,0,0
1002,EPIDEMIC,OBOCK,2009/3/0,0,0,0
1001,EPIDEMIC,OBOCK,2009/4/0,0,0,0
1000,EPIDEMIC,OBOCK,2009/9/0,0,0,0
999,EPIDEMIC,OBOCK,2009/4/0,0,0,0
998,EPIDEMIC,OBOCK,2009/5/0,0,0,0
997,EPIDEMIC,OBOCK,2009/8/0,0,0,0
996,EPIDEMIC,OBOCK,2009/8/0,0,0,0
995,EPIDEMIC,OBOCK,2009/10/0,0,0,0
994,EPIDEMIC,OBOCK,2009/10/0,0,0,0
993,EPIDEMIC,OBOCK,2009/11/0,0,0,0
992,EPIDEMIC,OBOCK,2009/11/0,0,0,0
991,EPIDEMIC,OBOCK,2009/9/0,0,0,0
990,EPIDEMIC,OBOCK,2009/9/0,0,0,0
989,EPIDEMIC,OBOCK,2009/12/0,0,0,0
988,EPIDEMIC,OBOCK,2009/12/0,0,0,0
987,EPIDEMIC,OBOCK,2009/9/0,0,0,0
986,EPIDEMIC,OBOCK,2006/6/0,0,0,0
985,EPIDEMIC,OBOCK,2006/10/0,0,0,0
984,EPIDEMIC,OBOCK,2006/11/0,0,0,0
983,EPIDEMIC,OBOCK,2006/9/0,0,0,0
982,EPIDEMIC,OBOCK,2011/6/0,0,0,0
981,EPIDEMIC,OBOCK,2011/0/0,0,0,0
980,EPIDEMIC,OBOCK,2011/4/0,0,0,0
979,EPIDEMIC,OBOCK,2011/0/0,0,0,0
978,EPIDEMIC,OBOCK,2011/2/0,0,0,0
977,EPIDEMIC,OBOCK,2011/5/0,0,0,0
976,EPIDEMIC,OBOCK,2011/10/0,0,0,0
975,EPIDEMIC,OBOCK,2011/6/0,0,0,0
974,EPIDEMIC,OBOCK,2011/2/0,0,0,0
973,EPIDEMIC,OBOCK,2011/5/0,0,0,0
972,EPIDEMIC,OBOCK,2011/9/0,0,0,0
971,EPIDEMIC,OBOCK,2011/8/0,0,0,0
970,EPIDEMIC,OBOCK,2011/6/0,0,0,0
969,EPIDEMIC,OBOCK,2010/1/0,0,0,0
968,EPIDEMIC,OBOCK,2010/4/0,0,0,0
967,EPIDEMIC,OBOCK,2010/7/0,0,0,0
966,EPIDEMIC,OBOCK,2010/8/0,0,0,0
965,EPIDEMIC,OBOCK,2010/9/0,0,0,0
964,EPIDEMIC,OBOCK,2010/5/0,0,0,0
963,EPIDEMIC,OBOCK,2010/11/0,0,0,0
962,EPIDEMIC,OBOCK,2010/12/0,0,0,0
961,EPIDEMIC,OBOCK,2010/1/0,0,0,0
960,EPIDEMIC,OBOCK,2010/5/0,0,0,0
959,EPIDEMIC,OBOCK,2010/6/0,0,0,0
958,EPIDEMIC,OBOCK,2010/9/0,0,0,0
957,EPIDEMIC,OBOCK,2010/10/0,0,0,0
956,EPIDEMIC,OBOCK,2010/12/0,0,0,0
955,EPIDEMIC,OBOCK,2011/4/0,0,0,0
954,EPIDEMIC,OBOCK,2011/8/0,0,0,0
953,EPIDEMIC,OBOCK,2010/1/0,0,0,0
952,EPIDEMIC,OBOCK,2010/9/0,0,0,0
951,EPIDEMIC,OBOCK,2010/10/0,0,0,0
950,EPIDEMIC,OBOCK,2010/1/0,0,0,0
949,EPIDEMIC,OBOCK,2010/1/0,0,0,0
948,EPIDEMIC,OBOCK,2010/3/0,0,0,0
947,EPIDEMIC,OBOCK,2010/1/0,0,0,0
946,EPIDEMIC,OBOCK,2010/9/0,0,0,0
945,EPIDEMIC,OBOCK,2010/10/0,0,0,0
944,EPIDEMIC,OBOCK,2010/10/0,0,0,0
943,EPIDEMIC,OBOCK,2009/4/0,0,0,0
942,EPIDEMIC,OBOCK,2009/12/0,0,0,0
941,EPIDEMIC,OBOCK,2009/2/0,0,0,0
940,EPIDEMIC,OBOCK,2010/4/0,0,0,0
939,EPIDEMIC,OBOCK,2009/9/0,0,0,0
938,EPIDEMIC,OBOCK,2009/10/0,0,0,0
937,EPIDEMIC,OBOCK,2009/4/0,0,0,0
936,EPIDEMIC,OBOCK,2009/2/0,0,0,0
935,EPIDEMIC,OBOCK,2009/4/0,0,0,0
934,EPIDEMIC,OBOCK,2009/8/0,0,0,0
933,EPIDEMIC,OBOCK,2009/12/0,0,0,0
932,Naufrage,OBOCK,17/12/2011,0,0,0
931,FLOOD,OBOCK,2010/0/0,0,0,0
930,Naufrage,OBOCK,2010/1/0,0,0,0
929,FLOOD,OBOCK,2004/0/0,0,0,0
928,FLOOD,OBOCK,2011/8/0,0,0,0
927,STORM,OBOCK,2009/7/0,0,10,0
925,DROUGHT,OBOCK,2009/0/0,0,0,0
924,DROUGHT,OBOCK,2004/0/0,0,0,0
923,DROUGHT,OBOCK,2001/0/0,0,0,0
922,FLOOD,OBOCK,2011/8/0,0,0,0
921,FLOOD,OBOCK,2007/0/0,0,0,0
920,FLOOD,OBOCK,1992/0/0,0,0,0
919,FLOOD,OBOCK,1987/0/0,0,0,0
918,STORM,OBOCK,2011/0/0,0,0,0
916,STORM,OBOCK,1989/0/0,0,0,0
914,DROUGHT,OBOCK,2008/0/0,0,0,0
913,DROUGHT,OBOCK,2003/0/0,0,0,0
912,DROUGHT,OBOCK,2009/0/0,0,0,0
911,DROUGHT,OBOCK,2007/0/0,0,0,0
910,DROUGHT,OBOCK,2006/0/0,0,0,0
909,Naufrage,OBOCK,25/07/2011,0,0,0
908,foudre,OBOCK,21/09/2011,0,0,0
906,DROUGHT,OBOCK,2010/0/0,0,0,0
905,DROUGHT,OBOCK,2009/0/0,0,0,0
904,DROUGHT,OBOCK,2011/0/0,0,0,0
903,DROUGHT,OBOCK,2011/0/0,0,0,0
900,foudre,OBOCK,10/08/2011,0,0,0
899,foudre,OBOCK,2009/5/0,0,0,0
898,STORM,OBOCK,2009/6/0,0,0,0
897,STORM,OBOCK,2009/8/0,0,0,0
896,STORM,OBOCK,2003/0/0,0,0,0
895,STORM,OBOCK,2006/7/0,0,0,0
894,ACCIDENT,OBOCK,29/10/2011,0,0,0
893,DROUGHT,OBOCK,2011/6/0,0,0,0
892,Naufrage,OBOCK,2005/0/0,0,0,0
890,DROUGHT,OBOCK,2011/0/0,0,0,0
889,STORM,OBOCK,2007/8/0,0,0,0
888,FLOOD,OBOCK,2011/8/0,0,0,0
886,EXPLOSION,OBOCK,2009/3/0,0,0,0
885,foudre,OBOCK,1980/0/0,0,0,0
883,STORM,OBOCK,2000/0/0,0,0,0
882,DROUGHT,OBOCK,2008/0/0,0,0,0
881,DROUGHT,OBOCK,2010/0/0,0,0,0
880,DROUGHT,OBOCK,2011/5/0,0,0,0
879,FLOOD,OBOCK,2006/12/0,0,0,0
878,FLOOD,OBOCK,2011/0/0,0,0,0
877,FLOOD,OBOCK,2011/2/0,0,0,0
876,FLOOD,OBOCK,2011/2/0,0,0,0
875,FLOOD,OBOCK,2011/2/0,0,0,0
874,FLOOD,OBOCK,2010/0/0,0,0,0
873,foudre,OBOCK,2009/12/0,0,0,0
872,foudre,OBOCK,2011/8/0,0,0,0
871,foudre,OBOCK,2011/0/0,5,0,0
870,foudre,OBOCK,2011/3/0,6,0,0
869,foudre,OBOCK,2011/8/0,0,0,0
868,foudre,OBOCK,2005/0/0,0,0,0
867,foudre,OBOCK,2009/0/0,0,0,0
866,STORM,OBOCK,2011/7/0,0,0,0
865,STORM,OBOCK,2011/0/0,0,0,0
864,EXPLOSION,OBOCK,1994/0/0,0,0,0
863,EXPLOSION,OBOCK,1992/0/0,1,0,0
862,EXPLOSION,OBOCK,1991/0/0,0,0,0
860,foudre,OBOCK,2009/9/0,0,0,0
859,DROUGHT,OBOCK,2010/8/0,0,3,0
857,STORM,OBOCK,2011/4/0,0,0,0
855,FLOOD,OBOCK,2005/2/0,0,0,0
854,DROUGHT,OBOCK,2009/0/0,0,0,0
853,DROUGHT,OBOCK,2010/0/0,0,0,0
852,DROUGHT,OBOCK,2010/6/0,0,0,0
851,DROUGHT,OBOCK,2011/7/0,0,0,0
850,STORM,OBOCK,2011/8/0,0,0,0
847,STORM,OBOCK,28/07/2011,0,0,0
846,foudre,OBOCK,2011/5/0,0,0,0
845,DROUGHT,OBOCK,2008/7/0,0,0,0
844,DROUGHT,OBOCK,2005/0/0,0,0,0
843,EPIDEMIC,OBOCK,2008/0/0,0,0,0
842,EPIDEMIC,OBOCK,2009/7/0,0,0,0
841,EPIDEMIC,OBOCK,2011/0/0,0,0,0
839,FLOOD,OBOCK,2009/9/0,0,0,0
838,foudre,OBOCK,2010/9/0,0,0,0
837,Naufrage,OBOCK,2005/0/0,0,0,0
836,EPIDEMIC,OBOCK,2011/7/0,0,0,0
835,Naufrage,OBOCK,2010/0/0,0,0,0
832,Naufrage,OBOCK,2000/0/0,0,0,0
824,EXPLOSION,OBOCK,1999/8/0,1,0,0
823,EXPLOSION,OBOCK,1999/8/0,3,0,0
822,EPIDEMIC,OBOCK,1999/0/0,5,0,0
821,STORM,OBOCK,2010/0/0,1,0,0
820,foudre,OBOCK,2009/9/0,0,0,0
819,foudre,OBOCK,2008/0/0,0,0,0
818,foudre,OBOCK,2010/0/0,1,0,0
816,foudre,OBOCK,2011/7/0,2,0,0
815,foudre,OBOCK,2011/0/0,0,0,0
814,DROUGHT,OBOCK,2011/7/0,0,0,0
813,DROUGHT,OBOCK,2006/0/0,0,0,0
812,DROUGHT,OBOCK,2005/0/0,0,0,0
810,DROUGHT,OBOCK,2010/0/0,0,0,0
809,DROUGHT,OBOCK,2004/0/0,0,0,0
808,DROUGHT,OBOCK,2005/0/0,0,0,0
807,Naufrage,OBOCK,2011/0/0,0,0,0
806,foudre,OBOCK,2011/8/0,0,0,0
805,foudre,OBOCK,14/08/2011,1,0,0
804,foudre,OBOCK,15/08/2011,3,0,0
802,STORM,OBOCK,29/08/2011,0,0,0
801,STORM,OBOCK,2010/8/0,0,0,0
800,ACCIDENT,DIKHIL,11/11/2011,0,0,0
799,ACCIDENT,DIKHIL,02/11/2011,0,0,0
798,ACCIDENT,DIKHIL,01/11/2011,0,0,0
797,EPIDEMIC,DIKHIL,10/11/2011,0,15,0
796,EPIDEMIC,DIKHIL,18/10/2011,0,0,0
795,BIOLOGICAL,DIKHIL,15/10/2011,0,0,0
794,ACCIDENT,DIKHIL,02/10/2011,0,0,0
793,ACCIDENT,DIKHIL,22/09/2011,0,0,0
792,foudre,DIKHIL,01/09/2011,0,0,0
791,EPIDEMIC,DIKHIL,10/08/2011,0,0,0
788,ACCIDENT,DIKHIL,11/07/2011,0,0,0
786,ACCIDENT,DIKHIL,30/06/2011,0,0,0
785,EPIDEMIC,DIKHIL,14/06/2011,0,20,0
784,foudre,DIKHIL,18/05/2011,0,0,0
783,BIOLOGICAL,DIKHIL,08/04/2011,0,0,0
782,ACCIDENT,DIKHIL,02/04/2011,0,0,0
780,ACCIDENT,DIKHIL,19/01/2011,0,0,0
779,STORM,DIKHIL,1986/0/0,0,0,0
778,EPIDEMIC,DIKHIL,1987/0/0,0,33,0
776,FLOOD,DIKHIL,22/09/1990,0,0,0
775,FLOOD,DIKHIL,17/07/1990,0,0,0
774,foudre,DIKHIL,1991/5/0,0,0,0
773,STORM,DIKHIL,1991/0/0,0,0,0
772,FLOOD,DIKHIL,1991/0/0,0,0,0
769,ACCIDENT,DIKHIL,25/11/1992,0,0,0
768,ACCIDENT,DIKHIL,09/07/1993,0,0,0
767,EPIDEMIC,DIKHIL,30/09/1994,0,16,0
766,PLUIES EXTREME,DIKHIL,19/05/1994,0,0,0
765,ACCIDENT,DIKHIL,05/11/1995,0,0,0
763,FLOOD,DIKHIL,16/01/1995,0,0,0
762,FLOOD,DIKHIL,16/01/1995,0,0,0
761,FLOOD,DIKHIL,13/12/1996,0,0,0
760,ACCIDENT,DIKHIL,02/10/1996,0,0,0
759,LANDSLIDE,DIKHIL,13/09/1996,0,0,0
758,NOYADE,DIKHIL,12/05/1996,0,0,0
757,EPIDEMIC,DIKHIL,17/04/1997,0,0,0
756,foudre,DIKHIL,23/02/1997,0,0,0
754,CONTAMINATION,DIKHIL,18/11/1997,0,0,0
753,ACCIDENT,DIKHIL,22/10/1997,0,0,0
752,DROUGHT,DIKHIL,1997/0/0,0,2000,0
750,FLOOD,DIKHIL,15/08/1997,0,0,0
749,DROUGHT,DIKHIL,1997/0/0,0,200,0
747,STORM,DIKHIL,31/07/1999,0,0,0
746,ACCIDENT,DIKHIL,29/04/1999,0,0,0
745,EPIDEMIC,DIKHIL,15/02/1999,0,40,0
744,ACCIDENT,DIKHIL,09/02/2000,0,0,0
743,DROUGHT,DIKHIL,23/06/2000,0,300,0
742,DROUGHT,DIKHIL,02/07/2000,0,250,0
738,foudre,DIKHIL,24/08/2000,0,0,0
737,EPIDEMIC,DIKHIL,26/08/2000,0,20,0
736,ACCIDENT,DIKHIL,30/10/2000,0,0,0
735,ACCIDENT,DIKHIL,09/07/2001,0,0,0
734,ACCIDENT,DIKHIL,25/07/2001,0,0,0
731,ACCIDENT,DIKHIL,04/06/2003,0,0,0
729,CONTAMINATION,DIKHIL,21/12/2003,0,0,0
728,FLOOD,DIKHIL,20/08/2003,0,0,0
727,FLOOD,DIKHIL,18/08/2003,0,0,0
726,CONTAMINATION,DIKHIL,15/08/2003,0,0,0
723,EXPLOSION,DIKHIL,09/09/2004,0,0,0
722,DROUGHT,DIKHIL,11/08/2004,0,37,0
721,DROUGHT,DIKHIL,11/08/2004,0,190,0
720,DROUGHT,DIKHIL,11/08/2004,0,730,0
719,DROUGHT,DIKHIL,11/08/2004,0,270,0
718,DROUGHT,DIKHIL,23/07/2004,0,7,0
717,ACCIDENT,DIKHIL,01/11/2004,0,0,0
714,FLOOD,DIKHIL,03/12/2010,0,0,0
713,FLOOD,DIKHIL,15/11/2010,0,0,0
712,FLOOD,DIKHIL,25/08/2010,0,0,0
710,FLOOD,DIKHIL,25/08/2010,0,0,0
709,FLOOD,DIKHIL,25/08/2010,0,0,0
701,BIOLOGICAL,DIKHIL,09/10/2010,0,0,0
700,ACCIDENT,DIKHIL,03/07/2010,0,0,0
696,ACCIDENT,DIKHIL,05/01/2010,0,0,0
695,ACCIDENT,DIKHIL,06/02/2010,0,0,0
694,ACCIDENT,DIKHIL,26/02/2010,0,0,0
693,NOYADE,DIKHIL,12/04/2010,0,0,0
691,ACCIDENT,DIKHIL,25/04/2009,0,0,0
690,CONTAMINATION,DIKHIL,14/06/2009,0,0,0
689,CONTAMINATION,DIKHIL,01/07/2009,0,0,0
688,LANDSLIDE,DIKHIL,18/07/2009,0,0,0
687,ACCIDENT,DIKHIL,05/12/2005,0,0,0
686,FLOOD,DIKHIL,17/08/2006,0,0,0
684,DROUGHT,DIKHIL,25/08/2008,0,656,0
683,EPIDEMIC,DIKHIL,11/08/2007,48,48,0
682,foudre,DIKHIL,16/09/2009,0,0,0
681,CONTAMINATION,DIKHIL,02/09/2008,0,0,0
680,ACCIDENT,DIKHIL,18/09/2008,0,0,0
679,EPIDEMIC,DIKHIL,11/08/2007,0,0,0
678,EPIDEMIC,DIKHIL,11/08/2007,0,0,0
677,NOYADE,DIKHIL,17/08/2006,0,0,0
676,ACCIDENT,DIKHIL,16/12/2006,0,0,0
675,EPIDEMIC,DIKHIL,08/08/2005,0,77,0
674,FLOOD,DIKHIL,20/04/2006,0,57,0
672,EPIDEMIC,ARTA,2010/12/0,0,14,0
671,EPIDEMIC,ARTA,2007/8/0,0,26,0
670,EPIDEMIC,ARTA,2007/4/0,0,25,0
669,EPIDEMIC,ARTA,2009/8/0,0,13,0
668,EPIDEMIC,ARTA,2011/11/0,0,40,0
667,EPIDEMIC,ARTA,2007/1/0,0,7,0
666,EPIDEMIC,ARTA,2011/1/0,0,15,0
665,EPIDEMIC,ARTA,2011/2/0,0,33,0
664,EPIDEMIC,ARTA,2011/3/0,0,17,0
663,EPIDEMIC,ARTA,2011/4/0,0,21,0
662,EPIDEMIC,ARTA,2011/5/0,0,35,0
661,EPIDEMIC,ARTA,2011/6/0,0,15,0
660,EPIDEMIC,ARTA,2011/7/0,0,16,0
659,EPIDEMIC,ARTA,2011/9/0,0,14,0
658,EPIDEMIC,ARTA,2011/10/0,0,27,0
657,EPIDEMIC,ARTA,2011/11/0,0,35,0
656,EPIDEMIC,ARTA,2011/12/0,0,15,0
655,EPIDEMIC,ARTA,2011/12/0,0,12,0
654,EPIDEMIC,ARTA,2007/10/0,0,27,0
653,EPIDEMIC,ARTA,2007/6/0,0,19,0
652,EPIDEMIC,ARTA,2007/6/0,0,7,0
651,EPIDEMIC,ARTA,2007/2/0,0,13,0
650,EPIDEMIC,ARTA,2007/5/0,0,51,0
649,EPIDEMIC,ARTA,2007/4/0,0,3,0
648,EPIDEMIC,ARTA,2007/3/0,0,10,0
647,EPIDEMIC,ARTA,2007/7/0,0,17,0
646,EPIDEMIC,ARTA,2007/8/0,0,18,0
645,EPIDEMIC,ARTA,2007/9/0,0,14,0
644,EPIDEMIC,ARTA,2007/2/0,0,18,0
643,EPIDEMIC,ARTA,2007/12/0,0,9,0
642,EPIDEMIC,ARTA,2007/9/0,0,24,0
641,EPIDEMIC,ARTA,2007/7/0,0,19,0
640,EPIDEMIC,ARTA,2007/5/0,0,11,0
639,EPIDEMIC,ARTA,2007/12/0,0,27,0
638,EPIDEMIC,ARTA,2007/12/0,0,13,0
637,EPIDEMIC,ARTA,2007/6/0,0,28,0
636,EPIDEMIC,ARTA,2007/1/0,0,55,0
635,EPIDEMIC,ARTA,2007/2/0,0,13,0
634,EPIDEMIC,ARTA,2009/8/0,0,2,0
633,EPIDEMIC,ARTA,2010/11/0,0,9,0
632,EPIDEMIC,ARTA,2007/11/0,0,111,0
631,EPIDEMIC,ARTA,2007/12/0,0,64,0
630,EPIDEMIC,ARTA,2007/10/0,0,94,0
629,EPIDEMIC,ARTA,2010/1/0,0,18,0
628,EPIDEMIC,ARTA,2010/2/0,0,10,0
627,EPIDEMIC,ARTA,2009/10/0,0,21,0
626,EPIDEMIC,ARTA,2009/10/0,0,42,0
625,EPIDEMIC,ARTA,2009/7/0,0,6,0
624,EPIDEMIC,ARTA,2011/8/0,0,13,0
623,EPIDEMIC,ARTA,2010/11/0,0,5,0
622,EPIDEMIC,ARTA,2010/3/0,0,7,0
621,EPIDEMIC,ARTA,2010/5/0,0,12,0
620,EPIDEMIC,ARTA,2010/10/0,0,4,0
619,EPIDEMIC,ARTA,2010/9/0,0,5,0
618,EPIDEMIC,ARTA,2010/2/0,0,22,0
617,EPIDEMIC,ARTA,2009/1/0,0,10,0
616,EPIDEMIC,ARTA,2009/12/0,0,4,0
615,EPIDEMIC,ARTA,2009/10/0,0,3,0
614,EPIDEMIC,ARTA,2011/2/0,0,15,0
613,EPIDEMIC,ARTA,2009/6/0,0,3,0
612,EPIDEMIC,ARTA,2009/10/0,0,42,0
611,EPIDEMIC,ARTA,2011/3/0,0,13,0
610,EPIDEMIC,ARTA,2009/5/0,0,5,0
609,EPIDEMIC,ARTA,2011/3/0,0,14,0
608,EPIDEMIC,ARTA,2009/4/0,0,29,0
607,EPIDEMIC,ARTA,2011/6/0,0,78,0
606,EPIDEMIC,ARTA,2009/11/0,0,9,0
605,EPIDEMIC,ARTA,2011/1/0,0,14,0
604,EPIDEMIC,ARTA,2011/6/0,0,23,0
603,EPIDEMIC,ARTA,2011/10/0,0,14,0
602,EPIDEMIC,ARTA,2011/9/0,0,21,0
601,EPIDEMIC,ARTA,2011/10/0,0,13,0
600,EPIDEMIC,ARTA,2009/5/0,0,23,0
599,EPIDEMIC,ARTA,2011/11/0,0,18,0
598,EPIDEMIC,ARTA,2011/5/0,0,33,0
597,EPIDEMIC,ARTA,2009/9/0,0,18,0
596,EPIDEMIC,ARTA,2009/7/0,0,13,0
595,EPIDEMIC,ARTA,2009/2/0,0,44,0
594,EPIDEMIC,ARTA,2009/11/0,0,7,0
593,EPIDEMIC,ARTA,2009/12/0,0,4,0
592,EPIDEMIC,ARTA,2011/7/0,0,7,0
591,EPIDEMIC,ARTA,2011/8/0,0,32,0
590,EPIDEMIC,ARTA,2009/3/0,0,22,0
589,EPIDEMIC,ARTA,2011/3/0,0,35,0
588,EPIDEMIC,ARTA,2011/1/0,0,5,0
587,EPIDEMIC,ARTA,2009/12/0,0,7,0
586,EPIDEMIC,ARTA,2011/8/0,0,9,0
585,EPIDEMIC,ARTA,2009/1/0,0,24,0
584,EPIDEMIC,ARTA,2009/4/0,0,2,0
583,EPIDEMIC,ARTA,2009/8/0,0,33,0
582,EPIDEMIC,ARTA,2009/9/0,0,51,0
581,EPIDEMIC,ARTA,2011/11/0,0,21,0
580,EPIDEMIC,ARTA,2011/5/0,0,48,0
579,EPIDEMIC,ARTA,2011/10/0,0,50,0
578,EPIDEMIC,ARTA,2011/7/0,0,18,0
577,EPIDEMIC,ARTA,2011/10/0,0,27,0
576,EPIDEMIC,ARTA,2011/2/0,0,13,0
575,EPIDEMIC,ARTA,2011/9/0,0,9,0
574,EPIDEMIC,ARTA,2011/11/0,0,6,0
573,EPIDEMIC,ARTA,2011/9/0,0,4,0
572,EPIDEMIC,ARTA,2009/3/0,0,25,0
571,EPIDEMIC,ARTA,2010/2/0,0,9,0
570,EPIDEMIC,ARTA,2007/3/0,0,27,0
569,EPIDEMIC,ARTA,2007/7/0,0,29,0
568,EPIDEMIC,ARTA,2009/8/0,0,40,0
567,EPIDEMIC,ARTA,2009/6/0,0,13,0
566,EPIDEMIC,ARTA,2009/5/0,0,21,0
565,EPIDEMIC,ARTA,2009/11/0,0,13,0
564,EPIDEMIC,ARTA,2010/2/0,0,7,0
563,EPIDEMIC,ARTA,2010/1/0,0,8,0
562,EPIDEMIC,ARTA,2010/12/0,0,40,0
561,EPIDEMIC,ARTA,2011/3/0,0,49,0
560,EPIDEMIC,ARTA,2010/3/0,0,12,0
559,EPIDEMIC,ARTA,2010/3/0,0,27,0
558,EPIDEMIC,ARTA,2010/4/0,0,23,0
557,EPIDEMIC,ARTA,2010/4/0,0,23,0
556,EPIDEMIC,ARTA,2010/5/0,0,67,0
555,EPIDEMIC,ARTA,2010/9/0,0,46,0
554,EPIDEMIC,ARTA,2010/5/0,0,51,0
553,EPIDEMIC,ARTA,2010/6/0,0,7,0
552,EPIDEMIC,ARTA,2010/6/0,0,26,0
551,EPIDEMIC,ARTA,2010/4/0,0,9,0
550,EPIDEMIC,ARTA,2010/4/0,0,7,0
549,EPIDEMIC,ARTA,2010/3/0,0,7,0
548,EPIDEMIC,ARTA,2010/3/0,0,12,0
547,EPIDEMIC,ARTA,2010/5/0,0,12,0
546,EPIDEMIC,ARTA,2010/5/0,0,32,0
545,EPIDEMIC,ARTA,2010/8/0,0,12,0
544,EPIDEMIC,ARTA,2010/8/0,0,9,0
543,EPIDEMIC,ARTA,2010/7/0,0,14,0
542,EPIDEMIC,ARTA,2010/7/0,0,12,0
541,EPIDEMIC,ARTA,2010/9/0,0,26,0
540,EPIDEMIC,ARTA,2010/10/0,0,30,0
539,EPIDEMIC,ARTA,2010/10/0,0,33,0
538,EPIDEMIC,ARTA,2010/11/0,0,9,0
537,EPIDEMIC,ARTA,2010/11/0,0,11,0
536,EPIDEMIC,ARTA,2010/12/0,0,2,0
535,EPIDEMIC,ARTA,2010/11/0,0,24,0
534,EPIDEMIC,ARTA,2010/11/0,0,17,0
533,EPIDEMIC,ARTA,2010/9/0,0,20,0
532,EPIDEMIC,ARTA,2010/10/0,0,15,0
531,EPIDEMIC,ARTA,2010/10/0,0,15,0
530,EPIDEMIC,ARTA,2010/1/0,0,19,0
529,EPIDEMIC,ARTA,2010/8/0,0,2,0
528,EPIDEMIC,ARTA,2010/4/0,0,1,0
527,EPIDEMIC,ARTA,2010/6/0,0,29,0
526,EPIDEMIC,ARTA,2010/2/0,0,2,0
525,EPIDEMIC,ARTA,2007/10/0,0,94,0
524,EPIDEMIC,ARTA,2007/8/0,0,34,0
523,EPIDEMIC,ARTA,2007/9/0,0,56,0
522,EPIDEMIC,ARTA,2011/12/0,0,13,0
521,EPIDEMIC,ARTA,2011/11/0,0,32,0
520,EPIDEMIC,ARTA,2011/5/0,0,10,0
519,EPIDEMIC,ARTA,2011/4/0,0,4,0
518,EPIDEMIC,ARTA,2011/4/0,0,12,0
517,EPIDEMIC,ARTA,2011/3/0,0,9,0
516,EPIDEMIC,ARTA,2011/2/0,0,10,0
515,EPIDEMIC,ARTA,2011/1/0,0,19,0
514,EPIDEMIC,ARTA,2011/11/0,0,20,0
513,EPIDEMIC,ARTA,2011/11/0,0,16,0
512,EPIDEMIC,ARTA,2011/10/0,0,3,0
511,EPIDEMIC,ARTA,2011/9/0,0,4,0
510,EPIDEMIC,ARTA,2011/9/0,0,6,0
509,EPIDEMIC,ARTA,2011/6/0,0,77,0
508,EPIDEMIC,ARTA,2011/5/0,0,3,0
507,EPIDEMIC,ARTA,2011/4/0,0,12,0
506,EPIDEMIC,ARTA,2010/11/0,0,5,0
505,EPIDEMIC,ARTA,2010/10/0,0,20,0
504,EPIDEMIC,ARTA,2010/9/0,0,6,0
503,EPIDEMIC,ARTA,2010/7/0,0,13,0
502,EPIDEMIC,ARTA,2010/6/0,0,10,0
501,EPIDEMIC,ARTA,2010/4/0,0,3,0
500,EPIDEMIC,ARTA,2010/4/0,0,4,0
499,EPIDEMIC,ARTA,2010/3/0,0,4,0
498,EPIDEMIC,ARTA,2010/2/0,0,2,0
497,EPIDEMIC,ARTA,2010/1/0,0,4,0
496,EPIDEMIC,ARTA,2010/12/0,0,3,0
495,EPIDEMIC,ARTA,2010/11/0,0,25,0
494,EPIDEMIC,ARTA,2010/11/0,0,3,0
493,EPIDEMIC,ARTA,2010/10/0,0,82,0
492,EPIDEMIC,ARTA,2010/7/0,0,7,0
491,EPIDEMIC,ARTA,2010/4/0,0,27,0
490,EPIDEMIC,ARTA,2010/3/0,0,3,0
489,EPIDEMIC,ARTA,2010/2/0,0,1,0
488,EPIDEMIC,ARTA,2010/12/0,0,2,0
487,EPIDEMIC,ARTA,2010/12/0,0,19,0
486,EPIDEMIC,ARTA,2010/11/0,0,26,0
485,EPIDEMIC,ARTA,2010/10/0,0,9,0
484,EPIDEMIC,ARTA,2010/10/0,0,7,0
483,EPIDEMIC,ARTA,2010/9/0,0,30,0
482,EPIDEMIC,ARTA,2010/9/0,0,3,0
481,EPIDEMIC,ARTA,2010/3/0,0,2,0
480,EPIDEMIC,ARTA,2010/4/0,0,1,0
479,EPIDEMIC,ARTA,2010/5/0,0,32,0
478,EPIDEMIC,ARTA,2010/6/0,0,87,0
477,EPIDEMIC,ARTA,2010/7/0,0,87,0
476,EPIDEMIC,ARTA,2009/12/0,0,1,0
475,EPIDEMIC,ARTA,2009/12/0,0,12,0
474,EPIDEMIC,ARTA,2009/11/0,0,3,0
473,EPIDEMIC,ARTA,2009/10/0,0,7,0
472,EPIDEMIC,ARTA,2009/10/0,0,15,0
471,EPIDEMIC,ARTA,2009/3/0,0,2,0
470,EPIDEMIC,ARTA,2009/3/0,0,22,0
469,EPIDEMIC,ARTA,2009/1/0,0,4,0
468,EPIDEMIC,ARTA,2009/1/0,0,32,0
467,EPIDEMIC,ARTA,2009/12/0,0,26,0
466,EPIDEMIC,ARTA,2009/11/0,0,55,0
465,EPIDEMIC,ARTA,2009/10/0,0,83,0
464,EPIDEMIC,ARTA,2009/9/0,0,102,0
463,EPIDEMIC,ARTA,2009/8/0,0,78,0
462,EPIDEMIC,ARTA,2009/7/0,0,72,0
461,EPIDEMIC,ARTA,2009/6/0,0,34,0
460,EPIDEMIC,ARTA,2009/5/0,0,22,0
459,EPIDEMIC,ARTA,2009/4/0,0,20,0
458,EPIDEMIC,ARTA,2009/2/0,0,21,0
457,EPIDEMIC,ARTA,2009/12/0,0,1,0
456,EPIDEMIC,ARTA,2009/12/0,0,25,0
455,EPIDEMIC,ARTA,2009/11/0,0,9,0
454,EPIDEMIC,ARTA,2009/10/0,0,75,0
453,EPIDEMIC,ARTA,2009/9/0,0,78,0
452,EPIDEMIC,ARTA,2009/7/0,0,25,0
451,EPIDEMIC,ARTA,2009/7/0,0,14,0
450,EPIDEMIC,ARTA,2009/6/0,0,9,0
449,EPIDEMIC,ARTA,2009/5/0,0,21,0
448,EPIDEMIC,ARTA,2009/4/0,0,7,0
447,EPIDEMIC,ARTA,2009/3/0,0,98,0
446,EPIDEMIC,ARTA,2009/3/0,0,18,0
445,EPIDEMIC,ARTA,2009/3/0,0,6,0
444,EPIDEMIC,ARTA,2009/2/0,0,6,0
443,EPIDEMIC,ARTA,2009/1/0,0,10,0
442,STORM,ARTA,13/08/2010,0,0,0
441,STORM,ARTA,06/08/2007,0,0,0
440,STORM,ARTA,06/08/2007,0,0,0
439,EPIDEMIC,ALI SABIEH,2011/6/0,0,11,0
438,EPIDEMIC,ALI SABIEH,2011/7/0,0,16,0
437,EPIDEMIC,ALI SABIEH,2011/8/0,0,10,0
436,EPIDEMIC,ALI SABIEH,2011/9/0,0,6,0
435,EPIDEMIC,ALI SABIEH,2011/10/0,0,15,0
434,EPIDEMIC,ALI SABIEH,2011/11/0,0,30,0
433,EPIDEMIC,ALI SABIEH,2011/11/0,0,25,0
432,EPIDEMIC,ALI SABIEH,2011/12/0,0,3,0
431,EPIDEMIC,ALI SABIEH,2011/12/0,0,7,0
430,EPIDEMIC,ALI SABIEH,2011/1/0,0,21,0
429,EPIDEMIC,ALI SABIEH,2011/2/0,0,9,0
428,EPIDEMIC,ALI SABIEH,2011/2/0,0,37,0
427,EPIDEMIC,ALI SABIEH,2011/3/0,0,16,0
426,EPIDEMIC,ALI SABIEH,2011/4/0,0,7,0
425,EPIDEMIC,ALI SABIEH,2011/5/0,0,18,0
424,EPIDEMIC,ALI SABIEH,2011/6/0,0,50,0
423,EPIDEMIC,ALI SABIEH,2011/7/0,0,18,0
422,EPIDEMIC,ALI SABIEH,2011/8/0,0,25,0
421,EPIDEMIC,ALI SABIEH,2011/8/0,0,11,0
420,EPIDEMIC,ALI SABIEH,2011/9/0,0,5,0
419,EPIDEMIC,ALI SABIEH,2011/9/0,0,24,0
418,EPIDEMIC,ALI SABIEH,2011/10/0,0,18,0
417,EPIDEMIC,ALI SABIEH,2011/11/0,0,19,0
416,EPIDEMIC,ALI SABIEH,2011/1/0,0,15,0
415,EPIDEMIC,ALI SABIEH,2011/2/0,0,2,0
414,EPIDEMIC,ALI SABIEH,2011/2/0,0,5,0
413,EPIDEMIC,ALI SABIEH,2011/3/0,0,3,0
412,EPIDEMIC,ALI SABIEH,2011/4/0,0,4,0
411,EPIDEMIC,ALI SABIEH,2011/5/0,0,9,0
410,EPIDEMIC,ALI SABIEH,2011/6/0,0,8,0
409,EPIDEMIC,ALI SABIEH,2011/7/0,0,2,0
408,EPIDEMIC,ALI SABIEH,2011/8/0,0,6,0
407,EPIDEMIC,ALI SABIEH,2011/9/0,0,7,0
406,EPIDEMIC,ALI SABIEH,2011/10/0,0,10,0
405,EPIDEMIC,ALI SABIEH,2011/10/0,0,10,0
404,EPIDEMIC,ALI SABIEH,2011/11/0,0,7,0
403,EPIDEMIC,ALI SABIEH,2011/11/0,0,6,0
402,EPIDEMIC,ALI SABIEH,2011/1/0,0,13,0
401,EPIDEMIC,ALI SABIEH,2011/1/0,0,45,0
400,EPIDEMIC,ALI SABIEH,2011/2/0,0,31,0
399,EPIDEMIC,ALI SABIEH,2011/3/0,0,41,0
398,EPIDEMIC,ALI SABIEH,2011/3/0,0,7,0
397,EPIDEMIC,ALI SABIEH,2011/4/0,0,14,0
396,EPIDEMIC,ALI SABIEH,2011/4/0,0,38,0
395,EPIDEMIC,ALI SABIEH,2011/5/0,0,29,0
394,EPIDEMIC,ALI SABIEH,2011/5/0,0,10,0
393,EPIDEMIC,ALI SABIEH,2011/6/0,0,9,0
392,EPIDEMIC,ALI SABIEH,2011/6/0,0,28,0
391,EPIDEMIC,ALI SABIEH,2011/7/0,0,38,0
390,EPIDEMIC,ALI SABIEH,2011/7/0,0,9,0
389,EPIDEMIC,ALI SABIEH,2011/8/0,0,10,0
388,EPIDEMIC,ALI SABIEH,2011/9/0,0,29,0
387,EPIDEMIC,ALI SABIEH,2011/9/0,0,10,0
386,EPIDEMIC,ALI SABIEH,2011/10/0,0,9,0
385,EPIDEMIC,ALI SABIEH,2011/10/0,0,27,0
384,EPIDEMIC,ALI SABIEH,2011/12/0,0,13,0
383,EPIDEMIC,ALI SABIEH,2011/12/0,0,5,0
382,EPIDEMIC,ALI SABIEH,2011/1/0,0,5,0
381,EPIDEMIC,ALI SABIEH,2011/1/0,0,5,0
380,EPIDEMIC,ALI SABIEH,2011/2/0,0,15,0
379,EPIDEMIC,ALI SABIEH,2011/2/0,0,5,0
378,EPIDEMIC,ALI SABIEH,2011/4/0,0,6,0
377,EPIDEMIC,ALI SABIEH,2011/4/0,0,10,0
376,EPIDEMIC,ALI SABIEH,2011/5/0,0,7,0
375,EPIDEMIC,ALI SABIEH,2011/5/0,0,11,0
374,EPIDEMIC,ALI SABIEH,2011/6/0,0,5,0
373,EPIDEMIC,ALI SABIEH,2011/6/0,0,10,0
372,EPIDEMIC,ALI SABIEH,2011/8/0,0,5,0
371,EPIDEMIC,ALI SABIEH,2011/8/0,0,7,0
370,EPIDEMIC,ALI SABIEH,2011/8/0,0,43,0
369,EPIDEMIC,ALI SABIEH,2011/9/0,0,12,0
368,EPIDEMIC,ALI SABIEH,2011/10/0,0,3,0
367,EPIDEMIC,ALI SABIEH,2011/10/0,0,29,0
366,EPIDEMIC,ALI SABIEH,2011/10/0,0,50,0
365,EPIDEMIC,ALI SABIEH,2011/11/0,0,11,0
364,EPIDEMIC,ALI SABIEH,2011/11/0,0,25,0
363,EPIDEMIC,ALI SABIEH,2011/11/0,0,15,0
362,EPIDEMIC,ALI SABIEH,2011/12/0,0,16,0
361,EPIDEMIC,ALI SABIEH,2011/12/0,0,7,0
360,EPIDEMIC,ALI SABIEH,2011/1/0,0,7,0
359,EPIDEMIC,ALI SABIEH,2011/2/0,0,34,0
358,EPIDEMIC,ALI SABIEH,2011/3/0,0,70,0
357,EPIDEMIC,ALI SABIEH,2011/4/0,0,9,0
356,EPIDEMIC,ALI SABIEH,2011/5/0,0,36,0
355,EPIDEMIC,ALI SABIEH,2011/6/0,0,13,0
354,EPIDEMIC,ALI SABIEH,2011/7/0,0,6,0
353,EPIDEMIC,ALI SABIEH,2011/7/0,0,10,0
352,EPIDEMIC,ALI SABIEH,2011/8/0,0,84,0
351,EPIDEMIC,ALI SABIEH,2011/9/0,0,14,0
350,EPIDEMIC,ALI SABIEH,2011/10/0,0,4,0
349,EPIDEMIC,ALI SABIEH,2011/10/0,0,5,0
348,EPIDEMIC,ALI SABIEH,2011/11/0,0,9,0
347,EPIDEMIC,ALI SABIEH,2011/12/0,0,6,0
346,EPIDEMIC,ALI SABIEH,2011/1/0,0,22,0
345,EPIDEMIC,ALI SABIEH,2011/2/0,0,22,0
344,EPIDEMIC,ALI SABIEH,2011/3/0,0,96,0
343,EPIDEMIC,ALI SABIEH,2011/4/0,0,3,0
342,EPIDEMIC,ALI SABIEH,2011/4/0,0,17,0
341,EPIDEMIC,ALI SABIEH,2011/5/0,0,4,0
340,EPIDEMIC,ALI SABIEH,2011/7/0,0,10,0
339,EPIDEMIC,ALI SABIEH,2011/8/0,0,5,0
338,EPIDEMIC,ALI SABIEH,2011/8/0,0,8,0
337,EPIDEMIC,ALI SABIEH,2011/9/0,0,6,0
336,EPIDEMIC,ALI SABIEH,2011/10/0,0,9,0
335,EPIDEMIC,ALI SABIEH,2011/10/0,0,11,0
334,EPIDEMIC,ALI SABIEH,2011/11/0,0,9,0
333,EPIDEMIC,ALI SABIEH,2011/12/0,0,11,0
332,EPIDEMIC,ALI SABIEH,2011/12/0,0,6,0
331,EPIDEMIC,ALI SABIEH,2011/12/0,0,14,0
330,EPIDEMIC,ALI SABIEH,2009/1/0,0,28,0
329,EPIDEMIC,ALI SABIEH,2009/1/0,0,7,0
328,EPIDEMIC,ALI SABIEH,2009/3/0,0,2,0
327,EPIDEMIC,ALI SABIEH,2009/3/0,0,2,0
326,EPIDEMIC,ALI SABIEH,2009/3/0,0,20,0
325,EPIDEMIC,ALI SABIEH,2009/4/0,0,9,0
324,EPIDEMIC,ALI SABIEH,2009/7/0,0,12,0
323,EPIDEMIC,ALI SABIEH,2009/5/0,0,3,0
322,EPIDEMIC,ALI SABIEH,2009/4/0,0,4,0
321,EPIDEMIC,ALI SABIEH,2009/4/0,0,8,0
320,EPIDEMIC,ALI SABIEH,2009/7/0,0,4,0
319,EPIDEMIC,ALI SABIEH,2009/7/0,0,12,0
318,EPIDEMIC,ALI SABIEH,2009/6/0,0,7,0
317,EPIDEMIC,ALI SABIEH,2009/6/0,0,10,0
316,EPIDEMIC,ALI SABIEH,2009/5/0,0,17,0
315,EPIDEMIC,ALI SABIEH,2011/6/0,0,25,0
314,EPIDEMIC,ALI SABIEH,2009/5/0,0,15,0
313,EPIDEMIC,ALI SABIEH,2011/5/0,0,6,0
312,EPIDEMIC,ALI SABIEH,2009/4/0,0,12,0
311,EPIDEMIC,ALI SABIEH,2009/12/0,0,18,0
310,EPIDEMIC,ALI SABIEH,2009/10/0,0,25,0
309,EPIDEMIC,ALI SABIEH,2009/10/0,0,6,0
308,EPIDEMIC,ALI SABIEH,2009/8/0,0,3,0
307,EPIDEMIC,ALI SABIEH,2009/8/0,0,9,0
306,EPIDEMIC,ALI SABIEH,2009/8/0,0,18,0
305,EPIDEMIC,ALI SABIEH,2009/8/0,0,4,0
304,EPIDEMIC,ALI SABIEH,2009/7/0,0,8,0
303,EPIDEMIC,ALI SABIEH,2011/10/0,0,2,0
302,EPIDEMIC,ALI SABIEH,2009/10/0,0,10,0
301,EPIDEMIC,ALI SABIEH,2011/10/0,0,10,0
300,EPIDEMIC,ALI SABIEH,2011/9/0,0,3,0
299,EPIDEMIC,ALI SABIEH,2009/9/0,0,7,0
298,EPIDEMIC,ALI SABIEH,2009/7/0,0,18,0
297,EPIDEMIC,ALI SABIEH,2009/12/0,0,4,0
296,EPIDEMIC,ALI SABIEH,2009/12/0,0,19,0
295,EPIDEMIC,ALI SABIEH,2011/3/0,0,6,0
294,EPIDEMIC,ALI SABIEH,2009/11/0,0,3,0
293,EPIDEMIC,ALI SABIEH,2011/11/0,0,11,0
292,PLUIES EXTREME,ALI SABIEH,14/04/2007,2,2,0
291,STORM,ALI SABIEH,2011/9/0,1,1,0
290,vague de chaleur,ALI SABIEH,1986/0/0,30,30,0
289,STORM,ALI SABIEH,03/05/2005,0,0,0
288,FLOOD,ALI SABIEH,20/11/1994,0,0,0
286,attaque animal,ALI SABIEH,08/03/1987,0,0,0
281,FLOOD,ALI SABIEH,1982/1/0,0,0,0
280,foudre,ALI SABIEH,1983/0/0,0,0,0
279,attaque animal,ALI SABIEH,03/03/1985,0,0,0
277,attaque animal,ALI SABIEH,1989/0/0,0,0,0
275,ACCIDENT,ALI SABIEH,1990/2/0,0,11,0
274,ACCIDENT,ALI SABIEH,1991/5/0,0,0,0
273,FLOOD,ALI SABIEH,1991/4/0,0,0,0
271,DROUGHT,ALI SABIEH,2001/0/0,0,250,0
270,ACCIDENT,ALI SABIEH,01/11/2003,0,2,0
269,PLUIES EXTREME,ALI SABIEH,10/08/2004,0,0,0
268,PLUIES EXTREME,ALI SABIEH,2004/4/0,0,0,0
267,PLUIES EXTREME,ALI SABIEH,03/05/2005,0,0,0
266,ACCIDENT,ALI SABIEH,2005/2/0,0,0,0
264,ACCIDENT,ALI SABIEH,2010/7/0,0,0,0
263,ACCIDENT,ALI SABIEH,2008/9/0,6,0,0
262,ACCIDENT,ALI SABIEH,25/02/2009,0,4,0
259,EPIDEMIC,ALI SABIEH,2007/0/0,0,141,0
258,EPIDEMIC,ALI SABIEH,2005/0/0,0,171,0
257,EPIDEMIC,ALI SABIEH,2003/0/0,0,276,0
256,EPIDEMIC,ALI SABIEH,2002/0/0,0,255,0
255,EPIDEMIC,ALI SABIEH,1999/0/0,0,62,0
254,EPIDEMIC,ALI SABIEH,2008/0/0,0,205,0
253,EPIDEMIC,ALI SABIEH,2006/0/0,0,174,0
251,vague de froid,ALI SABIEH,1983/1/0,9,100,0
250,attaque animal,ALI SABIEH,1984/3/0,5,7,0
249,vague de froid,ALI SABIEH,1985/4/0,0,1,0
248,STORM,ALI SABIEH,1985/2/0,0,0,0
247,vague de chaleur,ALI SABIEH,1986/5/0,0,0,0
246,FLOOD,ALI SABIEH,1986/2/0,0,0,0
245,EPIDEMIC,ALI SABIEH,2010/1/0,0,3,0
244,EPIDEMIC,ALI SABIEH,2010/6/0,0,34,0
243,EPIDEMIC,ALI SABIEH,2010/8/0,0,3,0
242,EPIDEMIC,ALI SABIEH,2010/7/0,0,22,0
241,EPIDEMIC,ALI SABIEH,2010/8/0,0,17,0
240,EPIDEMIC,ALI SABIEH,2010/9/0,0,18,0
239,EPIDEMIC,ALI SABIEH,2010/10/0,0,17,0
238,EPIDEMIC,ALI SABIEH,2010/11/0,0,4,0
237,EPIDEMIC,ALI SABIEH,2010/12/0,0,31,0
236,EPIDEMIC,ALI SABIEH,2010/1/0,0,10,0
235,EPIDEMIC,ALI SABIEH,2010/2/0,0,4,0
234,EPIDEMIC,ALI SABIEH,2010/3/0,0,4,0
233,EPIDEMIC,ALI SABIEH,2010/4/0,0,10,0
232,EPIDEMIC,ALI SABIEH,2010/5/0,0,4,0
231,EPIDEMIC,ALI SABIEH,2010/7/0,0,4,0
230,EPIDEMIC,ALI SABIEH,2010/8/0,0,4,0
229,EPIDEMIC,ALI SABIEH,2010/9/0,0,2,0
228,EPIDEMIC,ALI SABIEH,2010/9/0,0,4,0
227,EPIDEMIC,ALI SABIEH,2010/10/0,0,4,0
226,EPIDEMIC,ALI SABIEH,2010/11/0,0,4,0
225,EPIDEMIC,ALI SABIEH,2010/12/0,0,3,0
224,EPIDEMIC,ALI SABIEH,2010/1/0,0,7,0
223,EPIDEMIC,ALI SABIEH,2010/1/0,0,17,0
222,EPIDEMIC,ALI SABIEH,2010/2/0,0,6,0
221,EPIDEMIC,ALI SABIEH,2010/3/0,0,17,0
220,EPIDEMIC,ALI SABIEH,2010/3/0,0,26,0
219,EPIDEMIC,ALI SABIEH,2010/4/0,0,26,0
218,EPIDEMIC,ALI SABIEH,2010/4/0,0,29,0
217,EPIDEMIC,ALI SABIEH,2010/4/0,0,12,0
216,EPIDEMIC,ALI SABIEH,2010/5/0,0,6,0
215,EPIDEMIC,ALI SABIEH,2010/5/0,0,26,0
214,EPIDEMIC,ALI SABIEH,2010/6/0,0,56,0
213,EPIDEMIC,ALI SABIEH,2010/6/0,0,20,0
212,EPIDEMIC,ALI SABIEH,2010/7/0,0,11,0
211,EPIDEMIC,ALI SABIEH,2010/7/0,0,20,0
210,EPIDEMIC,ALI SABIEH,2010/8/0,0,34,0
209,EPIDEMIC,ALI SABIEH,2010/8/0,0,4,0
208,EPIDEMIC,ALI SABIEH,2010/9/0,0,29,0
207,EPIDEMIC,ALI SABIEH,2010/9/0,0,44,0
206,EPIDEMIC,ALI SABIEH,2010/10/0,0,25,0
205,EPIDEMIC,ALI SABIEH,2010/10/0,0,45,0
204,EPIDEMIC,ALI SABIEH,2010/12/0,0,21,0
203,EPIDEMIC,ALI SABIEH,2010/12/0,0,19,0
202,EPIDEMIC,ALI SABIEH,2009/1/0,0,40,0
201,EPIDEMIC,ALI SABIEH,2009/1/0,0,12,0
200,EPIDEMIC,ALI SABIEH,2009/1/0,0,57,0
199,EPIDEMIC,ALI SABIEH,2009/2/0,0,26,0
198,EPIDEMIC,ALI SABIEH,2009/2/0,0,6,0
197,EPIDEMIC,ALI SABIEH,2009/2/0,0,22,0
196,EPIDEMIC,ALI SABIEH,2009/2/0,0,10,0
195,EPIDEMIC,ALI SABIEH,2009/3/0,0,7,0
194,EPIDEMIC,ALI SABIEH,2009/3/0,0,25,0
193,EPIDEMIC,ALI SABIEH,2009/3/0,0,4,0
192,EPIDEMIC,ALI SABIEH,2009/3/0,0,35,0
191,EPIDEMIC,ALI SABIEH,2009/4/0,0,34,0
190,EPIDEMIC,ALI SABIEH,2009/4/0,0,10,0
189,EPIDEMIC,ALI SABIEH,2009/4/0,0,2,0
188,EPIDEMIC,ALI SABIEH,2009/4/0,0,71,0
187,EPIDEMIC,ALI SABIEH,2009/6/0,0,26,0
186,EPIDEMIC,ALI SABIEH,2009/6/0,0,7,0
185,EPIDEMIC,ALI SABIEH,2009/6/0,0,23,0
184,EPIDEMIC,ALI SABIEH,2009/7/0,0,19,0
183,EPIDEMIC,ALI SABIEH,2009/8/0,0,17,0
182,EPIDEMIC,ALI SABIEH,2009/8/0,0,9,0
181,EPIDEMIC,ALI SABIEH,2009/9/0,0,12,0
180,EPIDEMIC,ALI SABIEH,2009/10/0,0,12,0
179,EPIDEMIC,ALI SABIEH,2009/10/0,0,5,0
178,EPIDEMIC,ALI SABIEH,2009/10/0,0,19,0
177,EPIDEMIC,ALI SABIEH,2009/11/0,0,18,0
176,EPIDEMIC,ALI SABIEH,2009/11/0,0,4,0
175,EPIDEMIC,ALI SABIEH,2009/11/0,0,4,0
174,EPIDEMIC,ALI SABIEH,2009/11/0,0,10,0
173,EPIDEMIC,ALI SABIEH,2009/12/0,0,8,0
172,EPIDEMIC,ALI SABIEH,2009/12/0,0,4,0
171,EPIDEMIC,ALI SABIEH,2009/12/0,0,17,0
170,EPIDEMIC,ALI SABIEH,2009/1/0,0,28,0
169,EPIDEMIC,ALI SABIEH,2009/1/0,0,7,0
168,EPIDEMIC,ALI SABIEH,2009/3/0,0,2,0
167,EPIDEMIC,ALI SABIEH,2009/3/0,0,20,0
166,EPIDEMIC,ALI SABIEH,2009/3/0,0,2,0
165,EPIDEMIC,ALI SABIEH,2009/3/0,0,12,0
164,EPIDEMIC,ALI SABIEH,2009/4/0,0,9,0
163,EPIDEMIC,ALI SABIEH,2009/4/0,0,8,0
162,EPIDEMIC,ALI SABIEH,2009/4/0,0,4,0
161,EPIDEMIC,ALI SABIEH,2009/5/0,0,3,0
160,EPIDEMIC,ALI SABIEH,2009/5/0,0,17,0
159,EPIDEMIC,ALI SABIEH,2009/6/0,0,10,0
158,EPIDEMIC,ALI SABIEH,2009/6/0,0,7,0
157,EPIDEMIC,ALI SABIEH,2009/7/0,0,12,0
156,EPIDEMIC,ALI SABIEH,2009/7/0,0,4,0
155,EPIDEMIC,ALI SABIEH,2009/7/0,0,8,0
154,EPIDEMIC,ALI SABIEH,2009/8/0,0,4,0
153,EPIDEMIC,ALI SABIEH,2009/8/0,0,18,0
152,EPIDEMIC,ALI SABIEH,2009/8/0,0,9,0
151,EPIDEMIC,ALI SABIEH,2009/9/0,0,3,0
150,EPIDEMIC,ALI SABIEH,2009/10/0,0,6,0
149,EPIDEMIC,ALI SABIEH,2009/8/0,0,25,0
148,EPIDEMIC,ALI SABIEH,2009/12/0,0,18,0
147,EPIDEMIC,ALI SABIEH,2009/4/0,0,12,0
146,EPIDEMIC,ALI SABIEH,2009/1/0,0,12,0
145,EPIDEMIC,ALI SABIEH,2009/1/0,0,22,0
144,EPIDEMIC,ALI SABIEH,2009/1/0,0,28,0
143,EPIDEMIC,ALI SABIEH,2009/2/0,0,14,0
142,EPIDEMIC,ALI SABIEH,2009/5/0,0,6,0
141,EPIDEMIC,ALI SABIEH,2009/5/0,0,17,0
140,EPIDEMIC,ALI SABIEH,2009/6/0,0,25,0
139,EPIDEMIC,ALI SABIEH,2009/7/0,0,18,0
138,EPIDEMIC,ALI SABIEH,2009/9/0,0,7,0
137,EPIDEMIC,ALI SABIEH,2009/9/0,0,3,0
136,EPIDEMIC,ALI SABIEH,2009/10/0,0,10,0
135,EPIDEMIC,ALI SABIEH,2009/10/0,0,10,0
134,EPIDEMIC,ALI SABIEH,2009/10/0,0,2,0
133,EPIDEMIC,ALI SABIEH,2009/11/0,0,11,0
132,EPIDEMIC,ALI SABIEH,2009/11/0,0,3,0
131,EPIDEMIC,ALI SABIEH,2009/12/0,0,19,0
130,EPIDEMIC,ALI SABIEH,2009/12/0,0,4,0
129,EPIDEMIC,ALI SABIEH,2007/9/0,0,40,0
128,EPIDEMIC,ALI SABIEH,2007/8/0,0,11,0
127,EPIDEMIC,ALI SABIEH,2007/7/0,0,26,0
126,EPIDEMIC,ALI SABIEH,2006/8/0,0,26,0
125,EPIDEMIC,ALI SABIEH,2006/9/0,0,39,0
124,EPIDEMIC,ALI SABIEH,2006/9/0,0,6,0
123,EPIDEMIC,ALI SABIEH,2006/10/0,0,4,0
122,EPIDEMIC,ALI SABIEH,2006/10/0,0,4,0
121,EPIDEMIC,ALI SABIEH,2006/11/0,0,15,0
120,EPIDEMIC,ALI SABIEH,2006/12/0,0,3,0
119,EPIDEMIC,ALI SABIEH,2006/11/0,0,4,0
118,EPIDEMIC,ALI SABIEH,2006/12/0,0,5,0
117,EPIDEMIC,ALI SABIEH,2006/4/0,0,3,0
116,EPIDEMIC,ALI SABIEH,2006/5/0,0,5,0
115,EPIDEMIC,ALI SABIEH,2006/10/0,0,5,0
114,EPIDEMIC,ALI SABIEH,2006/10/0,0,3,0
113,EPIDEMIC,ALI SABIEH,2006/11/0,0,4,0
112,EPIDEMIC,ALI SABIEH,2006/11/0,0,8,0
111,EPIDEMIC,ALI SABIEH,2006/5/0,0,8,0
110,EPIDEMIC,ALI SABIEH,2006/6/0,0,5,0
109,EPIDEMIC,ALI SABIEH,2006/7/0,0,6,0
108,EPIDEMIC,ALI SABIEH,2006/10/0,0,8,0
107,EPIDEMIC,ALI SABIEH,2006/10/0,0,14,0
106,EPIDEMIC,ALI SABIEH,2006/11/0,0,24,0
105,EPIDEMIC,ALI SABIEH,2006/12/0,0,13,0
104,EPIDEMIC,ALI SABIEH,2006/12/0,0,6,0
103,EPIDEMIC,ALI SABIEH,2006/7/0,0,2,0
102,EPIDEMIC,ALI SABIEH,2006/7/0,0,3,0
101,EPIDEMIC,ALI SABIEH,2006/8/0,0,3,0
100,EPIDEMIC,ALI SABIEH,2006/9/0,0,7,0
99,EPIDEMIC,ALI SABIEH,2006/10/0,0,3,0
98,EPIDEMIC,ALI SABIEH,2006/11/0,0,3,0
97,EPIDEMIC,ALI SABIEH,2006/9/0,0,7,0
96,EPIDEMIC,ALI SABIEH,2006/10/0,0,14,0
95,EPIDEMIC,ALI SABIEH,2006/11/0,0,13,0
94,EPIDEMIC,ALI SABIEH,2006/12/0,0,22,0
93,EPIDEMIC,ALI SABIEH,2006/7/0,0,15,0
92,EPIDEMIC,ALI SABIEH,2006/8/0,0,9,0
91,EPIDEMIC,ALI SABIEH,2006/6/0,0,14,0
90,EPIDEMIC,ALI SABIEH,2006/5/0,0,17,0
89,EPIDEMIC,ALI SABIEH,2006/5/0,0,8,0
88,EPIDEMIC,ALI SABIEH,2006/3/0,0,9,0
87,EPIDEMIC,ALI SABIEH,2006/2/0,0,21,0
86,EPIDEMIC,ALI SABIEH,2006/4/0,0,24,0
85,FLOOD,ALI SABIEH,2007/2/0,0,0,0
84,FLOOD,ALI SABIEH,2005/10/0,0,0,0
82,attaque animal,ALI SABIEH,2011/10/0,0,0,0
81,EPIDEMIC,ALI SABIEH,2011/2/0,0,18,0
79,ACCIDENT,ALI SABIEH,2009/7/0,0,0,0
75,attaque animal,ALI SABIEH,11/07/2003,0,0,0
74,ACCIDENT,ALI SABIEH,29/07/2004,0,0,0
71,ACCIDENT,ALI SABIEH,19/03/2009,0,0,0
70,ACCIDENT,ALI SABIEH,25/07/2010,0,5,0
69,ACCIDENT,ALI SABIEH,2010/10/0,0,0,0
68,ACCIDENT,ALI SABIEH,31/12/2010,0,1,0
67,EPIDEMIC,ALI SABIEH,2011/5/0,0,7,0
66,STORM,ALI SABIEH,2011/9/0,0,0,0
65,EXPLOSION,ALI SABIEH,20/08/2008,0,0,0
64,vague de froid,ALI SABIEH,2007/5/0,0,7,0
61,FLOOD,ALI SABIEH,1999/2/0,2,6,0
60,foudre,ALI SABIEH,1997/2/0,0,0,0
57,FLOOD,ALI SABIEH,1994/3/0,0,3,0
56,FLOOD,ALI SABIEH,1994/3/0,0,0,0
55,FLOOD,ALI SABIEH,1994/3/0,0,0,0
54,FLOOD,ALI SABIEH,1994/3/0,0,0,0
53,FLOOD,ALI SABIEH,1994/3/0,0,0,0
52,FLOOD,ALI SABIEH,1993/1/0,0,0,0
50,attaque animal,ALI SABIEH,1992/2/0,0,3,0
49,ACCIDENT,ALI SABIEH,1991/3/0,0,0,0
48,attaque animal,ALI SABIEH,1989/12/0,0,0,0
47,FLOOD,ALI SABIEH,1989/2/0,0,0,0
46,attaque animal,ALI SABIEH,1993/3/0,0,0,0
45,FLOOD,ALI SABIEH,1994/2/0,0,0,0
44,foudre,ALI SABIEH,1989/2/0,0,0,0
42,FLOOD,ALI SABIEH,1985/1/0,0,0,0
40,FLOOD,ALI SABIEH,1983/4/0,0,0,0
39,FLOOD,ALI SABIEH,1983/9/0,0,0,0
35,EPIDEMIC,ALI SABIEH,02/02/1981,0,30,0
32,FLOOD,ALI SABIEH,1984/2/0,0,0,0
29,ACCIDENT,ALI SABIEH,1979/0/0,0,0,0
27,DROUGHT,ALI SABIEH,1991/1/0,0,10,0
26,EPIDEMIC,ALI SABIEH,2010/2/0,0,30,0
25,FLOOD,ALI SABIEH,2006/8/0,0,0,0
24,EXPLOSION,ALI SABIEH,1990/11/0,0,0,0
20,PLUIES EXTREME,ALI SABIEH,14/04/2007,2,2,0
16,FLOOD,ALI SABIEH,04/04/2002,0,0,0
15,FLOOD,ALI SABIEH,1996/12/0,0,0,0
13,STORM,ALI SABIEH,1944/3/0,0,2,0
12,EPIDEMIC,ALI SABIEH,1994/5/0,0,5,0
11,FLOOD,ALI SABIEH,1994/1/0,0,0,0
10,FLOOD,ALI SABIEH,1994/1/0,0,0,0
8,HAILSTORM,ALI SABIEH,1992/4/0,0,0,0
6,attaque animal,ALI SABIEH,1990/1/0,0,0,0
5,attaque animal,ALI SABIEH,1990/3/0,0,1,0
2,vague de froid,ALI SABIEH,1986/2/0,0,2,0
1,foudre,ALI SABIEH,1987/1/0,0,0,0
