Serial,Event,&quot;Parish&quot;,Date (YMD),Directly affected,Indirectly Affected,Losses $USD
2014-00014,FLOOD,Portland,15/12/2014,0,0,0
2014-00012,FLOOD,Portland,15/12/2014,0,0,0
2014-00011,FLOOD,Portland,15/12/2014,0,0,0
2014-00010,FLOOD,Portland,15/12/2014,0,0,0
2014-00009,LANDSLIDE,Portland,15/12/2014,0,0,0
2014-00008,FLOOD,Portland,15/12/2014,0,0,0
2014-00007,FLOOD,Portland,15/12/2014,0,0,0
2014-00006,LANDSLIDE,Portland,15/12/2014,0,0,0
2014-00005,LANDSLIDE,Portland,15/12/2014,0,0,0
2014-00004,FLOOD,Portland,15/12/2014,0,0,0
2014-00003,LANDSLIDE,Portland,15/12/2014,0,0,0
2014-00002,LANDSLIDE,Portland,15/12/2014,0,0,0
2014-00001,FLOOD,Portland,15/12/2014,0,0,0
2012-00015,HURRICANE,St. Mary,24/10/2012,21,0,0
2012-00014,HURRICANE,Trelawny,24/10/2012,12,3846,414677.7
2012-00013,HURRICANE,St. James,24/10/2012,0,0,479557.426
2012-00012,HURRICANE,Hanover,24/10/2012,0,0,142111.1
2012-00011,HURRICANE,Westmoreland,24/10/2012,0,0,50277.7
2012-00010,HURRICANE,Manchester,24/10/2012,806,2227,163555.5
2012-00009,HURRICANE,St. Elizabeth,24/10/2012,1855,3855,1717777.7
2012-00008,HURRICANE,Clarendon,24/10/2012,1,65147,832111.1
2012-00007,HURRICANE,St. Catherine,24/10/2012,2204,339158,1670111.11
2012-00006,HURRICANE,St. Ann,24/10/2012,66,34591,1218311.1
2012-00005,HURRICANE,St. Andrew,24/10/2012,1998,135558,1735222.2
2012-00004,HURRICANE,St. Thomas,24/10/2012,8642,29868,4133500
2012-00003,HURRICANE,St. Mary,24/10/2012,6412,38576,4139127.7
2012-00002,HURRICANE,Portland,24/10/2012,7429,28191,3878325.9
2001-00025,LANDSLIDE,Portland,28/10/2001,23,0,0
2011-00013,FIRE,St. Catherine,01/01/2011,190,0,0
2011-00012,FIRE,Clarendon,01/01/2011,94,0,0
2011-00011,FIRE,Manchester,01/01/2011,86,0,0
2011-00010,FIRE,St. Elizabeth,01/01/2011,97,0,0
2010-00077,STORM,Westmoreland,26/09/2010,0,0,0
2011-00009,FIRE,Westmoreland,01/01/2011,127,0,0
2011-00008,FIRE,Hanover,01/01/2011,51,0,0
2011-00006,FIRE,Trelawny,01/01/2011,0,0,0
2011-00005,FIRE,St. Ann,01/01/2011,149,0,0
2011-00004,FIRE,St. Mary,01/01/2011,126,0,0
2011-00003,FIRE,Portland,01/01/2011,32,0,0
2011-00002,FIRE,St. Thomas,01/01/2011,62,0,0
2011-00001,FIRE,St. Andrew,01/01/2011,837,0,0
2001-00024,FLOOD,St. Mary,28/10/2001,81,221,0
2001-00023,FLOOD,St. Mary,28/10/2001,0,1386,0
2001-00022,LANDSLIDE,Portland,28/10/2001,18,9,0
2001-00020,FLOOD,Portland,28/10/2001,9,5,0
2006-00020,FIRE,St. Catherine,01/01/2006,36,41,0
2006-00019,FIRE,Clarendon,01/01/2006,0,27,0
2006-00018,FIRE,St. Elizabeth,01/01/2006,57,5,0
2006-00017,FIRE,Westmoreland,01/01/2006,116,0,0
2006-00016,FIRE,Hanover,01/01/2006,39,14,0
2006-00015,FIRE,St. James,01/01/2006,192,297,0
2006-00014,FIRE,Trelawny,01/01/2006,67,0,0
2006-00013,FIRE,St. Ann,01/01/2006,148,0,0
2006-00012,FIRE,Portland,01/01/2006,36,23,0
2009-00012,FIRE,St. Catherine,01/01/2009,83,0,0
2009-00011,FIRE,Clarendon,01/01/2009,127,0,0
2006-00011,FIRE,St. Thomas,01/01/2006,61,0,0
2001-00016,FLOOD,St. Mary,28/10/2001,113,59,0
2006-00010,FIRE,St. Andrew,01/01/2006,1390,0,0
2009-00010,FIRE,Manchester,01/01/2009,133,0,0
2009-00009,FIRE,St. Elizabeth,01/01/2009,69,0,0
2009-00008,FIRE,Westmoreland,01/01/2009,174,0,0
2003-00021,FIRE,St. Catherine,01/01/2003,0,0,0
2009-00007,FIRE,Hanover,01/01/2009,50,0,0
2003-00020,FIRE,Manchester,01/01/2003,0,0,0
2009-00006,FIRE,St. James,01/01/2009,255,0,0
2003-00019,FIRE,Westmoreland,01/01/2003,0,0,0
2003-00018,FIRE,Hanover,01/01/2003,0,0,0
2009-00005,FIRE,St. Ann,01/01/2009,93,0,0
2003-00017,FIRE,St. James,01/01/2003,0,0,0
2009-00004,FIRE,St. Mary,01/01/2009,102,0,0
2003-00016,FIRE,St. Ann,01/01/2003,0,0,0
2009-00003,FIRE,Portland,01/01/2009,50,0,0
2003-00015,FIRE,St. Mary,01/01/2003,0,0,0
2009-00002,FIRE,St. Thomas,01/01/2009,82,0,0
2003-00014,FIRE,Portland,01/01/2003,0,0,0
2009-00001,FIRE,St. Andrew,01/01/2009,1019,0,0
2003-00013,FIRE,St. Andrew,01/01/2003,0,0,0
2001-00015,FLOOD,Portland,28/10/2001,18,27,0
2001-00014,ALLUVION,Portland,28/10/2001,14,0,0
2001-00013,FLOOD,Portland,28/10/2001,54,122,0
2001-00012,FLOOD,Portland,28/10/2001,9,50,0
2001-00011,FLOOD,Portland,28/10/2001,5,27,0
2001-00010,FLOOD,Portland,28/10/2001,14,0,0
2001-00009,FLOOD,Portland,28/10/2001,0,5,0
2001-00006,FLOOD,Portland,28/10/2001,45,45,0
2001-00005,FLOOD,Portland,28/10/2001,32,32,0
2001-00002,FLOOD,Portland,28/10/2001,9,5,0
2001-00001,FLOOD,Portland,28/10/2001,14,14,0
1998-00011,LANDSLIDE,Portland,01/01/1998,0,0,0
2010-00054-01,FLOOD,St. Elizabeth,26/09/2010,27,0,0
2010-00055-01,FLOOD,St. Elizabeth,26/09/2010,27,27,0
2005-00087-01,FLOOD,St. Elizabeth,16/07/2005,9,9,0
2005-00093,FLOOD,Manchester,16/07/2005,0,135,0
2005-00082-01,HURRICANE,St. Catherine,13/10/2005,0,0,0
2005-00089,FLOOD,Manchester,16/07/2005,90,90,0
2005-00085,FLOOD,Kingston,13/10/2005,0,0,0
2005-00084,FLOOD,St. Catherine,13/10/2005,0,0,0
2005-00083,FLOOD,St. Catherine,13/10/2005,0,0,0
2005-00082,HURRICANE,St. Catherine,13/10/2005,0,0,0
2010-00053,FLOOD,St. Elizabeth,26/09/2010,41,496,0
2010-00052,FLOOD,St. Elizabeth,26/09/2010,5,255,0
1980-00019,SURGE,Portland,05/08/1980,36,0,0
1998-00009,LANDSLIDE,Portland,01/01/1998,18,0,0
1998-00008,FLOOD,Portland,01/01/1998,0,0,0
1998-00007,FLOOD,Portland,01/01/1998,0,0,0
2005-00076,FLOOD,St. Thomas,06/07/2005,0,68,0
1998-00006,LANDSLIDE,Portland,01/01/1998,41,0,0
2005-00075,FLOOD,St. Thomas,06/07/2005,0,14,0
2005-00074,FLOOD,St. Thomas,06/07/2005,9,27,0
2005-00073,FLOOD,St. Thomas,06/07/2005,0,45,0
2005-00072,FLOOD,St. Thomas,06/07/2005,0,45,0
1998-00004,LANDSLIDE,Portland,01/01/1998,131,0,0
2005-00071,HURRICANE,St. Thomas,06/07/2005,0,9,0
2005-00070,FLOOD,St. Thomas,06/07/2005,0,9,0
1998-00003,LANDSLIDE,Portland,01/01/1998,9,0,0
2003-00011,LANDSLIDE,St. Thomas,24/05/2003,0,9,0
2003-00009,FLOOD,St. Thomas,24/05/2003,5,14,0
2003-00008,FLOOD,St. Thomas,24/05/2003,5,9,0
1998-00002,LANDSLIDE,Portland,01/01/1998,50,0,0
2005-00068,FLOOD,St. Andrew,06/07/2005,0,0,0
2005-00067,FLOOD,St. Andrew,06/07/2005,0,18,0
2005-00066,FLOOD,St. Andrew,06/07/2005,27,0,0
2006-00009,FLOOD,St. Andrew,24/05/2006,0,27,0
2006-00008,LANDSLIDE,Portland,23/11/2006,9,0,0
2008-00022,FLOOD,St. Andrew,28/08/2008,99,383,0
2008-00021,STORM,St. Andrew,28/08/2008,27,14,0
2008-00020,STORM,St. Andrew,28/08/2008,810,28,0
2006-00007,FLOOD,Portland,23/11/2006,0,9,0
2006-00006,LANDSLIDE,Portland,23/11/2006,14,0,0
2006-00005,FLOOD,Portland,23/11/2006,5,5,0
2005-00065,FLOOD,St. Catherine,13/10/2005,0,90,0
1980-00012,SURGE,Hanover,05/08/1980,72,0,0
1980-00003,SURGE,St. Mary,05/08/1980,23,0,0
2003-00006,FLOOD,Clarendon,24/05/2003,0,9,0
2003-00005,FLOOD,Clarendon,24/05/2003,0,0,0
2003-00004,FLOOD,St. Catherine,24/05/2003,0,0,0
2003-00002,FLOOD,St. Catherine,24/05/2003,0,45,0
2003-00001,FLOOD,St. Catherine,24/05/2003,0,135,0
2010-00045,FLOOD,St. Catherine,29/09/2010,32,573,0
2010-00044,FLOOD,St. Catherine,29/09/2010,0,18,0
2010-00043,STORM,Hanover,29/09/2010,14,0,0
2010-00040,FLOOD,St. Catherine,29/09/2010,0,826,0
2010-00039,STORM,Hanover,29/09/2010,23,319,0
2010-00035,STORM,Hanover,27/09/2010,14,385,0
2010-00034,FLOOD,St. Catherine,29/09/2010,135,703,0
2010-00033,STORM,Westmoreland,29/09/2010,36,2174,0
2010-00032,STORM,Westmoreland,29/09/2010,0,148,0
2010-00031,STORM,Westmoreland,29/09/2010,45,842,0
2012-00001,FIRE,Kingston,05/09/2012,0,66,0
2006-00004,FLOOD,St. Mary,23/11/2006,0,135,0
2005-00062,LANDSLIDE,Clarendon,13/10/2005,0,5,0
2005-00061,LANDSLIDE,Clarendon,13/10/2005,0,5,0
2005-00057,LANDSLIDE,Clarendon,13/10/2005,0,5,0
2010-00030,STORM,Westmoreland,29/09/2010,0,0,0
2005-00055,LANDSLIDE,St. Catherine,13/10/2005,5,0,0
2010-00029,STORM,Westmoreland,29/09/2010,104,536,0
2005-00054,FLOOD,Clarendon,13/10/2005,0,27,0
2010-00028,STORM,Westmoreland,29/09/2010,36,326,0
2010-00027,STORM,Westmoreland,29/09/2010,36,413,0
2005-00052,FLOOD,Clarendon,13/10/2005,18,189,0
2005-00051,FLOOD,Clarendon,13/10/2005,0,0,0
2005-00049,FLOOD,St. Catherine,13/10/2005,0,54,0
2005-00048,FLOOD,St. Catherine,13/10/2005,0,54,0
2010-00026,STORM,Westmoreland,29/09/2010,0,3179,0
2005-00046,FLOOD,St. Catherine,13/10/2005,0,90,0
2005-00045,FLOOD,Trelawny,16/07/2005,0,27,0
2005-00044,FLOOD,Trelawny,16/07/2005,0,0,0
2005-00043,FLOOD,St. Catherine,13/10/2005,0,14,0
2005-00042,FLOOD,Trelawny,16/07/2005,0,13,0
2005-00040,FLOOD,Trelawny,16/07/2005,0,36,0
2005-00039,HURRICANE,St. Andrew,16/05/2005,0,8321,0
2007-00017,HURRICANE,Manchester,19/08/2007,7343,16001,0
2005-00035,HURRICANE,Portland,06/07/2005,0,7784,0
2005-00034,HURRICANE,St. Thomas,06/07/2005,0,23254,0
2005-00033,HURRICANE,Manchester,16/07/2005,0,7568,0
2005-00032,HURRICANE,Hanover,16/07/2005,0,0,0
2005-00031,HURRICANE,St. Andrew,06/07/2005,0,32558,0
2005-00030,HURRICANE,St. James,16/07/2005,0,1397,0
2007-00016,HURRICANE,Portland,19/08/2007,3335,7223,0
2005-00029,HURRICANE,Manchester,06/07/2005,0,225,0
2007-00015,HURRICANE,St. Thomas,19/08/2007,8100,21049,0
2005-00028,HURRICANE,Westmoreland,06/07/2005,0,7803,0
2007-00014,HURRICANE,St. Andrew,19/08/2007,13608,27396,0
2005-00027,HURRICANE,Hanover,06/07/2005,0,4781,0
2005-00026,HURRICANE,St. James,06/07/2005,0,5702,0
2010-00025,STORM,Clarendon,26/09/2010,131,46499,0
2010-00024,STORM,St. Catherine,26/09/2010,365,178404,0
2010-00023,STORM,Manchester,26/09/2010,54,7770,1553847.95
2010-00022,STORM,Portland,26/09/2010,27,390,0
2010-00021,STORM,Portland,26/09/2010,0,390,0
2002-00013,FLOOD,Manchester,22/05/2002,0,96200,4078431
2010-00020,STORM,St. Thomas,26/09/2010,86,9853,0
2010-00019,STORM,St. Andrew,26/09/2010,405,94609,0
2005-00025,HURRICANE,St. Mary,16/07/2005,0,5529,0
2008-00019,STORM,Manchester,28/09/2008,0,13660,1408827.5
2005-00024,HURRICANE,Trelawny,06/07/2005,0,2013,0
2005-00023,HURRICANE,Trelawny,16/07/2005,0,0,0
2004-00022,HURRICANE,Trelawny,10/09/2004,1530,3668,195350.3
2005-00022,HURRICANE,Trelawny,13/10/2005,0,0,0
2002-00012,FLOOD,Portland,22/05/2002,5,39700,0
2002-00011,FLOOD,Trelawny,22/05/2002,9,36241,258679.1
2008-00018,STORM,Trelawny,28/08/2008,9,10378,630518.8
2010-00018,STORM,Trelawny,26/09/2010,45,6033,789556.4
2007-00013,HURRICANE,Trelawny,19/08/2007,1220,230,2578420.1
2005-00021,HURRICANE,Manchester,13/10/2005,0,22423,0
2002-00010,FLOOD,St. Thomas,22/05/2002,27,46350,0
2005-00020,HURRICANE,St. Ann,06/07/2005,0,1782,0
2005-00019,HURRICANE,St. Ann,16/07/2005,0,11947,0
2004-00021,HURRICANE,St. Ann,10/09/2004,13478,11137,143687.4
2002-00009,FLOOD,St. Andrew,22/05/2002,0,359950,0
2004-00020,HURRICANE,Manchester,10/09/2004,21069,13127,0
2008-00017,STORM,Portland,28/08/2008,3240,11827,0
2005-00018,HURRICANE,St. Ann,13/10/2005,0,7894,226982.1
2002-00008,FLOOD,St. Ann,22/05/2002,9,83641,4907368.4
2008-00016,STORM,St. Ann,28/08/2008,14,23432,1523316.8
2007-00012,HURRICANE,Westmoreland,19/08/2007,447,913,1018099
2007-00011,HURRICANE,Hanover,19/08/2007,914,1611,1752624
2007-00010,HURRICANE,St. James,19/08/2007,1742,5337,3284836
2010-00009,STORM,Westmoreland,26/09/2010,626,36232,1986098
2008-00015,STORM,St. Thomas,28/08/2008,1670,20011,0
2007-00009,HURRICANE,St. Elizabeth,19/08/2007,9143,13512,0
2010-00008,STORM,Hanover,26/09/2010,50,32007,1600605
2010-00007,STORM,St. James,26/09/2010,194,36304,1449982
2007-00008,HURRICANE,St. Catherine,19/08/2007,13136,10309,0
2007-00007,HURRICANE,Clarendon,19/08/2007,29196,21229,0
2005-00017,HURRICANE,St. Elizabeth,16/07/2005,0,21343,0
2008-00014,STORM,St. Andrew,28/08/2008,2453,126156,0
2008-00013,STORM,Westmoreland,28/08/2008,23,19765,645678
2008-00011,STORM,Hanover,28/08/2008,144,9489,1657607
2008-00010,STORM,St. James,28/08/2008,23,15074,1442192
2005-00016,HURRICANE,St. Elizabeth,06/07/2005,0,6345,0
2010-00003,STORM,St. Ann,26/09/2010,0,14982,714285.7
2008-00009,STORM,St. Catherine,28/08/2008,927,111639,0
2007-00006,HURRICANE,St. Ann,19/08/2007,1152,984,3446384.3
2008-00008,STORM,Clarendon,28/08/2008,32,25680,0
2005-00015,HURRICANE,Portland,13/10/2005,0,4744,0
2002-00007,FLOOD,St. Catherine,22/05/2002,54,207296,0
2005-00014,HURRICANE,St. Mary,06/07/2005,0,5529,0
2005-00013,HURRICANE,St. Thomas,13/10/2005,0,21958,0
2002-00006,FLOOD,Clarendon,22/05/2002,63,114637,0
2002-00005,FLOOD,Westmoreland,22/05/2002,0,70900,1432405
2002-00004,FLOOD,Hanover,22/05/2002,243,33357,136987
2005-00012,HURRICANE,St. Catherine,13/10/2005,0,83741,0
2002-00003,FLOOD,St. James,22/05/2002,117,91183,287389
2010-00002,STORM,St. Elizabeth,26/09/2010,198,33879,5219932.4
2002-00002,FLOOD,St. Mary,22/05/2002,0,56450,384932.9
2005-00011,HURRICANE,Clarendon,13/10/2005,0,86362,0
2005-00010,HURRICANE,Hanover,13/10/2005,0,5837,47954
2004-00019,HURRICANE,St. Catherine,10/09/2004,24251,7564,0
2005-00009,HURRICANE,St. James,13/10/2005,0,11726,13411
2005-00008,HURRICANE,St. Andrew,13/10/2005,0,79528,0
2004-00018,HURRICANE,Clarendon,10/09/2004,48758,37719,0
2005-00007,HURRICANE,Westmoreland,13/10/2005,0,5800,0
2008-00003,STORM,St. Mary,28/08/2008,468,23036,21765314.6
2002-00001,FLOOD,St. Elizabeth,22/05/2002,0,74150,5581527.3
2004-00017,HURRICANE,St. Thomas,10/09/2004,13041,13221,0
2005-00006,HURRICANE,St. Catherine,16/07/2005,0,27274,0
2010-00001,HURRICANE,St. Mary,26/09/2010,198,9358,12873792.1
2004-00016,HURRICANE,Portland,10/09/2004,6543,7407,0
2004-00015,HURRICANE,Westmoreland,10/09/2004,16223,35410,92025
2005-00005,HURRICANE,Clarendon,16/07/2005,5,18745,0
2007-00001,HURRICANE,St. Mary,19/08/2007,0,6925,5941517.1
2008-00001,STORM,St. Elizabeth,28/08/2008,0,34218,69358.6
2004-00011,HURRICANE,Hanover,10/09/2004,17586,9909,130772
2005-00004,HURRICANE,St. Elizabeth,13/10/2005,0,18323,0
2004-00008,HURRICANE,St. James,10/09/2004,13500,13995,27456
2005-00003,HURRICANE,St. Mary,13/10/2005,0,8482,0
2005-00002,HURRICANE,St. Catherine,06/07/2005,0,100744,0
2004-00003,HURRICANE,St. Mary,10/09/2004,16875,12843,3228.9
2004-00002,HURRICANE,St. Andrew,10/09/2004,22761,16434,0
2004-00001,HURRICANE,St. Elizabeth,10/09/2004,21110,33197,0
2005-00001,HURRICANE,Clarendon,06/07/2005,5,10782,0
127,POLLUTION,Kingston,09/10/1987,0,0,0
126,POLLUTION,St. Thomas,21/09/1987,0,0,0
125,POLLUTION,St. Ann,21/02/1984,0,0,0
124,POLLUTION,St. Catherine,27/01/1984,0,0,0
123,FIRE,St. Catherine,04/01/1989,0,0,0
122,FIRE,St. Thomas,01/09/1988,3,0,0
121,FIRE,St. Thomas,22/03/1985,0,0,0
120,EPIDEMIC,St. Catherine,1989/0/0,0,0,0
119,EPIDEMIC,Clarendon,1989/0/0,0,0,0
118,EPIDEMIC,Westmoreland,1989/0/0,0,0,0
117,EPIDEMIC,St. Thomas,1989/0/0,0,0,0
116,EPIDEMIC,St. Andrew,1989/0/0,0,0,0
115,EPIDEMIC,Kingston,1989/0/0,0,0,0
114,EPIDEMIC,St. Catherine,1988/0/0,0,0,0
113,EPIDEMIC,Manchester,1988/0/0,0,0,0
112,EPIDEMIC,St. James,1988/0/0,0,0,0
111,EPIDEMIC,St. Ann,1988/0/0,0,0,0
110,EPIDEMIC,St. Mary,1988/0/0,0,0,0
109,EPIDEMIC,St. Thomas,1988/0/0,0,0,0
108,EPIDEMIC,St. Andrew,1988/0/0,0,0,0
107,EPIDEMIC,Kingston,1988/0/0,0,0,0
106,EPIDEMIC,St. Catherine,1987/0/0,0,0,0
105,EPIDEMIC,Clarendon,1987/0/0,0,0,0
104,EPIDEMIC,St. Ann,1987/0/0,0,0,0
103,EPIDEMIC,St. Mary,1987/0/0,0,0,0
102,EPIDEMIC,Portland,1987/0/0,0,0,0
101,EPIDEMIC,St. Thomas,1987/0/0,0,0,0
100,EPIDEMIC,St. Andrew,1987/0/0,0,0,0
99,EPIDEMIC,Kingston,1987/0/0,0,0,0
98,EPIDEMIC,St. Catherine,1986/0/0,0,0,0
97,EPIDEMIC,Clarendon,1986/0/0,0,0,0
96,EPIDEMIC,Manchester,1986/0/0,0,0,0
95,EPIDEMIC,St. Elizabeth,1986/0/0,0,0,0
94,EPIDEMIC,St. James,1986/0/0,0,0,0
93,EPIDEMIC,Trelawny,1986/0/0,0,0,0
92,EPIDEMIC,St. Ann,1986/0/0,0,0,0
91,EPIDEMIC,St. Mary,1986/0/0,0,0,0
90,EPIDEMIC,Portland,1986/0/0,0,0,0
89,EPIDEMIC,St. Thomas,1986/0/0,0,0,0
88,EPIDEMIC,St. Andrew,1986/0/0,0,0,0
87,EPIDEMIC,Kingston,1986/0/0,0,0,0
86,EPIDEMIC,St. Catherine,1985/0/0,0,0,0
85,EPIDEMIC,Clarendon,1985/0/0,0,0,0
84,EPIDEMIC,Manchester,1985/0/0,0,0,0
83,EPIDEMIC,St. Elizabeth,1985/0/0,0,0,0
82,EPIDEMIC,Westmoreland,1985/0/0,0,0,0
81,EPIDEMIC,Hanover,1985/0/0,0,0,0
80,EPIDEMIC,St. James,1985/0/0,0,0,0
79,EPIDEMIC,Trelawny,1985/0/0,0,0,0
78,EPIDEMIC,St. Ann,1985/0/0,0,0,0
77,EPIDEMIC,St. Mary,1985/0/0,0,0,0
76,EPIDEMIC,St. Thomas,1985/0/0,0,0,0
75,EPIDEMIC,St. Andrew,1985/0/0,0,0,0
74,EPIDEMIC,Kingston,1985/0/0,0,0,0
73,EPIDEMIC,St. Catherine,1984/0/0,0,0,0
72,EPIDEMIC,Clarendon,1984/0/0,0,0,0
71,EPIDEMIC,Manchester,1984/0/0,0,0,0
70,EPIDEMIC,St. Elizabeth,1984/0/0,0,0,0
69,EPIDEMIC,Westmoreland,1984/0/0,0,0,0
68,EPIDEMIC,St. James,1984/0/0,0,0,0
67,EPIDEMIC,St. Ann,1984/0/0,0,0,0
66,EPIDEMIC,St. Mary,1984/0/0,0,0,0
65,EPIDEMIC,St. Andrew,1984/0/0,0,0,0
64,EPIDEMIC,Kingston,1984/0/0,0,0,0
63,STRONGWIND,Clarendon,16/05/1987,0,0,0
62,STRONGWIND,Clarendon,21/09/1986,0,0,0
61,STRONGWIND,Westmoreland,13/09/1986,0,0,0
60,STRONGWIND,St. Elizabeth,20/08/1986,2,0,0
59,STRONGWIND,Clarendon,16/05/1986,0,0,0
58,STRONGWIND,St. Catherine,04/04/1986,0,0,0
57,DROUGHT,Westmoreland,1988/3/0,0,0,0
56,DROUGHT,Manchester,1988/0/0,0,0,0
55,DROUGHT,St. Thomas,1988/0/0,0,0,0
54,DROUGHT,Clarendon,1988/0/0,0,0,0
53,DROUGHT,St. Elizabeth,1988/0/0,0,0,0
52,RAIN,St. Andrew,30/10/1987,0,0,0
51,RAIN,Kingston,30/10/1987,0,0,0
50,RAIN,St. Thomas,30/10/1987,0,0,0
49,RAIN,St. Catherine,30/10/1987,0,0,0
48,RAIN,Clarendon,30/10/1987,0,0,0
47,RAIN,Clarendon,11/06/1986,0,0,0
46,RAIN,St. Ann,11/06/1986,0,0,0
45,RAIN,St. Andrew,11/06/1986,0,0,0
44,RAIN,St. Thomas,11/06/1986,0,0,0
43,RAIN,St. Elizabeth,11/06/1986,0,0,0
42,RAIN,St. Catherine,11/06/1986,0,0,0
41,RAIN,Westmoreland,11/06/1986,0,0,0
40,RAIN,St. Ann,23/05/1986,0,0,0
39,RAIN,Portland,23/05/1986,0,0,0
38,RAIN,Trelawny,23/05/1986,0,0,0
37,RAIN,St. Catherine,23/05/1986,0,0,0
36,RAIN,Westmoreland,23/05/1986,0,0,0
35,RAIN,St. James,23/05/1986,0,0,0
34,RAIN,Kingston,23/05/1986,0,0,0
33,RAIN,St. Mary,23/05/1986,0,0,0
32,RAIN,Manchester,23/05/1986,0,0,0
31,RAIN,Hanover,23/05/1986,0,0,0
30,RAIN,St. Thomas,23/05/1986,0,0,0
29,RAIN,St. Andrew,23/05/1986,0,0,0
28,RAIN,Clarendon,23/05/1986,0,0,0
27,RAIN,St. Elizabeth,23/05/1986,0,0,0
26,STRONGWIND,Westmoreland,13/09/1986,0,0,0
25,HURRICANE,St. Elizabeth,19/11/1985,0,0,0
24,HURRICANE,Manchester,19/11/1985,0,0,0
23,HURRICANE,Clarendon,19/11/1985,0,60000,0
22,HURRICANE,St. Ann,19/11/1985,0,0,11
21,HURRICANE,St. Mary,12/09/1988,0,0,0
20,HURRICANE,St. Elizabeth,12/09/1988,0,0,0
19,HURRICANE,Manchester,12/09/1988,0,0,0
18,HURRICANE,Kingston,12/09/1988,0,0,0
17,HURRICANE,St. Thomas,12/09/1988,0,0,0
16,HURRICANE,Hanover,12/09/1988,0,0,0
15,HURRICANE,St. Andrew,12/09/1988,0,0,0
14,HURRICANE,Clarendon,12/09/1988,0,0,0
13,HURRICANE,St. Catherine,12/09/1988,0,0,0
12,HURRICANE,St. Ann,12/09/1988,0,0,0
11,HURRICANE,Portland,12/09/1988,0,0,0
10,HURRICANE,Trelawny,12/09/1988,0,0,0
9,HURRICANE,Westmoreland,12/09/1988,0,0,0
8,HURRICANE,St. James,12/09/1988,0,0,7000000000
7,FLOOD,Clarendon,11/06/1986,0,0,0
6,EARTHQUAKE,Hanover,04/08/1984,0,0,0
5,EARTHQUAKE,St. Catherine,16/07/1984,0,0,0
4,EARTHQUAKE,Portland,09/05/1988,0,0,0
3,EARTHQUAKE,St. Catherine,16/01/1987,0,0,0
2,EARTHQUAKE,St. Andrew,31/08/1985,0,0,0
1,EARTHQUAKE,St. Thomas,01/07/1985,0,0,0
1,DROUGHT,St. Mary,06/05/2002,6,99,20
6340,EPIDEMIC,Westmoreland,27/09/1983,0,0,0
6339,EPIDEMIC,Clarendon,14/09/1983,0,0,0
6338,FIRE,Kingston,28/12/1983,70,0,0
6337,ELECTRICSTORM,St. Elizabeth,30/08/1983,0,0,0
6336,EPIDEMIC,St. Andrew,20/07/1983,0,0,0
6335,FIRE,Clarendon,11/07/1983,0,0,0
6334,FORESTFIRE,St. Mary,09/07/1983,0,0,0
6333,FIRE,Manchester,18/07/1983,0,0,0
6332,ELECTRICSTORM,Westmoreland,05/07/1983,0,0,0
6331,FIRE,St. Elizabeth,03/07/1983,0,0,0
6330,FIRE,St. Elizabeth,26/05/1983,0,0,0
6328,ELECTRICSTORM,St. Ann,14/05/1983,0,0,0
6328,ELECTRICSTORM,St. Ann,14/05/1983,0,0,0
6327,FIRE,St. Andrew,20/05/1983,0,0,0
6326,FIRE,Portland,1983/5/0,15,0,0
6325,FIRE,St. Andrew,05/02/1983,0,0,0
6324,DROUGHT,St. Andrew,20/01/1983,0,0,0
6323,EPIDEMIC,St. James,01/06/1982,0,0,0
6322,FIRE,St. James,06/12/1982,0,0,0
6321,FIRE,St. James,13/12/1982,0,0,0
6320,FIRE,St. Andrew,12/11/1982,0,0,0
6319,FIRE,St. James,31/10/1982,0,0,0
6318,EPIDEMIC,St. James,03/01/1982,0,0,0
6317,LANDSLIDE,Hanover,02/10/1982,0,0,0
6316,FIRE,St. Catherine,27/09/1982,0,0,0
6315,DROUGHT,St. Ann,02/09/1982,0,0,0
6314,FIRE,St. Mary,10/08/1982,0,0,0
6313,FIRE,Westmoreland,01/09/1982,0,0,0
6312,DROUGHT,St. Mary,16/08/1982,0,0,0
6311,RAIN,Westmoreland,08/09/1982,0,0,0
6310,FIRE,St. Catherine,07/09/1982,0,0,0
6309,FIRE,St. Andrew,07/09/1982,0,0,0
6307,FIRE,St. James,25/07/1982,0,0,0
6308,HURRICANE,St. Mary,03/08/1982,0,0,0
6306,FIRE,St. Mary,14/07/1982,0,0,0
6305,LANDSLIDE,St. James,16/05/1982,0,0,0
6304,LANDSLIDE,St. Ann,04/12/1981,0,0,0
6302,EPIDEMIC,Westmoreland,21/01/1982,0,0,0
6301,FIRE,Westmoreland,06/02/1982,1,0,0
6300,FIRE,Hanover,19/01/1982,0,0,0
6299,FIRE,Kingston,07/01/1982,0,0,0
6298,STRUCTURE,Hanover,12/09/1980,0,0,0
6297,FIRE,Kingston,25/12/1979,0,0,0
6296,ELECTRICSTORM,St. Ann,20/09/1978,0,0,0
6295,LANDSLIDE,St. Mary,16/05/1980,0,0,0
6294,ELECTRICSTORM,Westmoreland,25/08/1979,0,0,0
6293,ELECTRICSTORM,Clarendon,17/05/1979,0,0,0
6292,HAILSTORM,St. Andrew,18/05/1979,0,0,0
6291,RAIN,St. Mary,02/01/1980,0,0,0
6290,RAIN,St. Ann,02/01/1980,0,0,0
6289,RAIN,Portland,02/01/1980,0,0,0
6288,FLOOD,Portland,04/12/1979,0,0,0
6287,FLOOD,St. Mary,04/12/1979,0,0,0
6286,FLOOD,St. Ann,04/12/1979,1590,0,0
6285,LANDSLIDE,St. Andrew,18/09/1979,0,0,0
6284,FLOOD,Clarendon,14/09/1979,232,0,0
6283,FLOOD,Portland,14/09/1979,1200,0,0
6282,FLOOD,St. Thomas,14/09/1979,400,0,0
6281,RAIN,St. Andrew,06/09/1979,0,0,0
6280,RAIN,Manchester,06/09/1979,0,0,0
6279,RAIN,Kingston,06/09/1979,0,0,0
6278,RAIN,St. Ann,06/09/1979,0,0,0
6277,RAIN,St. Catherine,06/09/1979,0,0,0
6276,RAIN,Clarendon,06/09/1979,0,0,0
6275,RAIN,St. Mary,06/09/1979,0,0,0
6274,RAIN,Portland,06/09/1979,0,0,0
6273,FLOOD,St. Thomas,06/09/1979,0,0,0
6272,PANIC,St. Elizabeth,06/08/1979,0,0,0
6271,LANDSLIDE,Manchester,28/07/1979,0,0,0
6270,RAIN,Portland,21/07/1979,0,0,0
6269,RAIN,St. Elizabeth,20/07/1979,0,0,0
6268,RAIN,Kingston,20/07/1979,0,0,0
6267,RAIN,St. Thomas,20/07/1979,0,0,0
6266,FLOOD,St. Elizabeth,06/05/1979,0,0,0
6266,RAIN,Trelawny,04/06/1979,0,0,0
6265,FLOOD,St. Elizabeth,04/06/1979,1500,3000,0
6264,RAIN,Clarendon,04/06/1979,0,0,0
6262,FLOOD,Hanover,04/06/1979,90,800,0
6261,FLOOD,Westmoreland,04/06/1979,28649,0,0
5260,FLOOD,St. James,04/06/1979,0,20000,0
6257,RAIN,St. Andrew,05/06/1979,0,0,0
6259,FLOOD,St. Catherine,05/06/1979,0,0,0
6258,RAIN,St. Thomas,05/06/1979,0,0,0
6256,FLOOD,St. Ann,12/05/1979,0,0,0
6255,ELECTRICSTORM,Portland,10/04/1979,0,0,0
6254,RAIN,St. Ann,25/04/1979,0,400,0
6253,RAIN,St. Thomas,27/04/1979,0,0,0
6252,RAIN,Manchester,24/04/1979,0,0,0
6251,FLOOD,St. Andrew,26/04/1979,0,0,0
6250,FLOOD,St. James,25/04/1979,0,0,0
6249,FLOOD,St. James,25/04/1979,0,0,0
6248,FLOOD,Hanover,25/04/1979,0,0,0
6247,FLOOD,Westmoreland,25/04/1979,0,0,0
6246,STRONGWIND,St. Ann,01/11/1978,0,0,0
6245,FLOOD,Trelawny,03/11/1978,0,0,0
6244,ELECTRICSTORM,Portland,03/11/1978,0,0,0
6243,RAIN,St. Thomas,03/11/1978,0,0,0
6242,RAIN,St. Elizabeth,18/10/1978,0,0,0
6241,ELECTRICSTORM,St. Elizabeth,04/09/1978,0,0,0
6240,FLOOD,Clarendon,20/10/1978,0,0,0
6239,FLOOD,Westmoreland,20/10/1978,600,0,0
6238,RAIN,Kingston,20/10/1978,0,0,0
6237,RAIN,St. Catherine,20/10/1978,0,0,0
6236,RAIN,Manchester,20/10/1978,0,0,0
6235,RAIN,St. Elizabeth,20/10/1978,0,0,0
6234,RAIN,Hanover,20/10/1978,0,0,0
6233,RAIN,St. Ann,20/10/1978,0,0,0
6232,ELECTRICSTORM,Manchester,13/10/1978,0,0,0
6231,RAIN,St. James,18/10/1978,0,0,0
6230,RAIN,Clarendon,26/09/1978,0,0,0
6229,RAIN,St. Ann,02/08/1978,0,0,0
6228,RAIN,Trelawny,04/10/1978,0,0,0
6227,RAIN,Westmoreland,04/10/1978,0,0,0
6226,RAIN,St. James,04/10/1978,0,0,0
6225,RAIN,Hanover,04/10/1978,0,0,0
6224,RAIN,Clarendon,19/09/1978,0,0,0
6223,RAIN,Kingston,13/09/1978,0,0,0
6222,ALLUVION,Westmoreland,13/09/1978,0,0,0
6221,FLOOD,St. Andrew,13/09/1978,0,0,0
6220,FLOOD,St. Elizabeth,28/07/1978,0,0,0
6219,FLOOD,Westmoreland,06/06/1978,0,0,0
6218,FLOOD,St. James,31/05/1978,0,0,0
6217,FLOOD,Hanover,31/05/1978,0,0,0
6216,FLOOD,Westmoreland,31/05/1978,0,0,0
6215,DROUGHT,Kingston,19/02/1977,0,0,0
6214,PLAGUE,St. Ann,18/05/1978,0,0,0
6213,FLOOD,St. Ann,10/05/1978,0,0,0
6212,FLOOD,Kingston,29/05/1978,0,0,0
6211,FLOOD,St. Thomas,29/05/1978,0,0,0
6210,FLOOD,Portland,29/05/1978,0,0,0
6209,FLOOD,St. Elizabeth,26/05/1978,0,0,0
6208,SURGE,St. Andrew,02/05/1978,0,0,0
6207,SURGE,Clarendon,28/04/1978,0,0,0
6206,FLOOD,St. Thomas,07/03/1978,0,0,0
6205,FLOOD,Kingston,09/02/1978,0,0,0
6204,FLOOD,St. Mary,10/01/1978,0,0,0
6203,FLOOD,Hanover,10/01/1978,0,0,0
6202,FLOOD,St. James,10/01/1978,0,0,0
6201,OTHER,Manchester,21/02/1981,0,0,0
6200,FIRE,St. James,10/01/1981,0,0,6982000
6199,FIRE,Trelawny,16/08/1982,0,0,0
6198,FIRE,St. Andrew,20/05/1980,0,0,0
6197,FIRE,St. Catherine,19/05/1980,0,0,0
6196,FIRE,St. James,13/04/1980,30,0,0
6195,FIRE,Trelawny,12/04/1980,0,0,0
6194,FIRE,Kingston,29/04/1980,0,222,0
6193,FIRE,St. Andrew,28/04/1980,0,0,0
6192,FIRE,Manchester,10/04/1980,0,0,0
6191,FIRE,St. Andrew,08/04/1980,0,0,0
6190,FIRE,St. James,03/04/1980,0,0,0
6189,FIRE,St. Andrew,20/01/1980,1,0,0
6188,FIRE,St. James,12/01/1980,0,150,0
6187,FIRE,Clarendon,08/01/1980,0,0,0
6186,FIRE,Kingston,31/12/1979,0,0,0
6185,FIRE,Hanover,24/11/1979,0,0,0
6184,FIRE,St. Andrew,21/10/1979,0,0,0
6183,FIRE,St. Elizabeth,20/10/1979,7,0,0
6182,FIRE,St. Andrew,18/10/1979,45,0,0
6181,FIRE,St. James,04/09/1979,0,0,0
6180,FIRE,Hanover,11/05/1979,0,0,0
6179,FIRE,Trelawny,04/08/1979,0,0,0
6178,FIRE,Clarendon,01/07/1979,0,0,0
6177,FIRE,St. Catherine,28/06/1979,0,0,0
6176,FIRE,Clarendon,25/05/1979,0,0,0
6175,FIRE,St. Catherine,23/04/1979,0,0,0
6174,FIRE,St. Andrew,23/05/1979,6,0,0
6173,FIRE,Trelawny,01/04/1979,0,0,0
6172,FIRE,St. Andrew,05/05/1979,0,0,0
6171,FIRE,St. Andrew,06/05/1979,0,0,0
6170,FIRE,St. Andrew,06/05/1979,0,0,0
6169,FIRE,Hanover,23/02/1979,0,0,0
6168,FIRE,St. Catherine,24/04/1979,0,0,0
6167,FIRE,St. Andrew,26/04/1979,0,0,0
6166,FIRE,Westmoreland,16/04/1979,0,0,0
6165,FIRE,Clarendon,19/04/1979,0,0,0
6164,FIRE,Kingston,16/04/1979,0,0,0
6163,FIRE,St. Thomas,13/03/1979,1,0,0
6162,FIRE,St. Elizabeth,12/03/1979,0,0,0
6161,FIRE,St. Andrew,21/03/1979,0,0,0
6160,FIRE,St. Andrew,20/03/1979,0,0,0
6159,FIRE,Kingston,28/02/1979,0,0,0
6158,FIRE,Kingston,28/02/1979,0,0,0
6157,FIRE,St. Andrew,06/02/1979,0,0,0
6156,FIRE,St. Andrew,02/02/1979,0,0,0
6155,FIRE,St. Andrew,21/01/1979,0,0,0
6154,FIRE,St. Andrew,21/01/1979,0,0,0
6153,FIRE,Kingston,20/01/1979,0,2,0
6152,FIRE,Westmoreland,20/01/1979,0,0,0
6151,FIRE,Kingston,19/01/1979,1,0,0
6150,FIRE,St. James,11/12/1978,0,0,0
6149,FORESTFIRE,Trelawny,03/12/1978,0,0,0
6148,FIRE,St. Catherine,08/12/1978,0,0,0
6147,FIRE,Clarendon,22/11/1978,0,0,0
6146,FIRE,Kingston,17/11/1978,8,0,0
6145,FIRE,Hanover,29/10/1978,0,0,0
6133,FIRE,Kingston,09/06/1978,0,75,0
6132,FIRE,Kingston,03/05/1978,0,0,0
6131,FIRE,Kingston,04/04/1978,0,78,0
6130,FIRE,Hanover,11/03/1978,0,0,0
6129,FIRE,St. James,03/02/1978,0,0,0
6128,FIRE,St. Andrew,28/01/1978,1,0,0
6127,FIRE,St. Andrew,22/01/1978,0,200,0
6126,FIRE,St. Ann,12/01/1978,0,0,0
6125,FIRE,St. Andrew,18/01/1978,0,0,0
6124,FIRE,St. Ann,30/12/1977,0,0,0
6123,FIRE,Clarendon,29/12/1977,0,4,0
6122,DROUGHT,St. Mary,16/08/1978,0,0,0
6121,DROUGHT,St. Ann,20/04/1980,0,0,0
6120,DROUGHT,St. Catherine,20/04/1980,0,0,0
6119,STRUCTURE,St. James,05/07/1979,0,0,0
6118,STRUCTURE,St. Mary,26/04/1979,0,0,0
6117,STRUCTURE,Clarendon,31/05/1980,0,0,0
6116,STRUCTURE,St. Mary,05/05/1978,0,0,0
6115,EPIDEMIC,St. Catherine,31/12/1983,0,0,0
6114,EPIDEMIC,Clarendon,31/12/1983,0,0,0
6113,EPIDEMIC,Manchester,31/12/1983,0,0,0
6112,EPIDEMIC,St. Elizabeth,31/12/1983,0,0,0
6111,EPIDEMIC,Westmoreland,31/12/1983,0,0,0
6110,EPIDEMIC,St. James,31/12/1983,0,0,0
6109,EPIDEMIC,St. Ann,31/12/1983,0,0,0
6108,EPIDEMIC,Portland,13/12/1983,0,0,0
6107,EPIDEMIC,St. Thomas,31/12/1983,0,0,0
6106,EPIDEMIC,Kingston,31/12/1983,0,0,0
6105,EPIDEMIC,St. Catherine,31/12/1982,0,0,0
6104,EPIDEMIC,Manchester,31/12/1982,0,0,0
6103,EPIDEMIC,St. Elizabeth,31/12/1982,0,0,0
6102,EPIDEMIC,Westmoreland,31/12/1982,0,0,0
6101,EPIDEMIC,Hanover,31/12/1982,0,0,0
6100,EPIDEMIC,St. James,31/12/1982,0,0,0
6099,EPIDEMIC,Trelawny,31/12/1982,0,0,0
6098,EPIDEMIC,St. Ann,31/12/1982,0,0,0
6097,EPIDEMIC,St. Mary,31/12/1982,0,0,0
6096,EPIDEMIC,Kingston,31/12/1982,0,0,0
6095,EPIDEMIC,St. Catherine,31/12/1981,0,0,0
6094,EPIDEMIC,Clarendon,31/12/1981,0,0,0
6093,EPIDEMIC,Manchester,31/12/1981,0,0,0
6092,EPIDEMIC,St. Elizabeth,31/12/1981,0,0,0
6091,EPIDEMIC,Westmoreland,31/12/1981,0,0,0
6090,EPIDEMIC,Hanover,31/12/1981,0,0,0
6089,EPIDEMIC,St. James,31/12/1981,0,0,0
6088,EPIDEMIC,St. Ann,31/12/1981,0,0,0
6087,EPIDEMIC,Portland,31/12/1981,0,0,0
6086,EPIDEMIC,St. Thomas,31/12/1981,0,0,0
6085,EPIDEMIC,Kingston,31/12/1981,0,0,0
6084,EPIDEMIC,St. Catherine,31/12/1980,0,0,0
6083,EPIDEMIC,Manchester,31/12/1980,0,0,0
6082,EPIDEMIC,St. Elizabeth,31/12/1980,0,0,0
6081,EPIDEMIC,Westmoreland,31/12/1980,0,0,0
6080,EPIDEMIC,Hanover,31/12/1980,0,0,0
6079,EPIDEMIC,St. James,31/12/1980,0,0,0
6078,EPIDEMIC,Trelawny,31/12/1980,0,0,0
6077,EPIDEMIC,St. Mary,31/12/1980,0,0,0
6076,EPIDEMIC,Portland,31/12/1980,0,0,0
6075,EPIDEMIC,St. Thomas,31/12/1980,0,0,0
6074,EPIDEMIC,Kingston,31/12/1980,0,0,0
6073,EPIDEMIC,St. Catherine,31/12/1979,0,0,0
6072,EPIDEMIC,Clarendon,31/12/1979,0,0,0
6071,EPIDEMIC,St. Elizabeth,31/12/1979,0,0,0
6070,EPIDEMIC,Westmoreland,31/12/1979,0,0,0
6069,EPIDEMIC,Hanover,31/12/1979,0,0,0
6068,EPIDEMIC,St. James,31/12/1979,0,0,0
6067,EPIDEMIC,Trelawny,31/12/1979,0,0,0
6066,EPIDEMIC,St. Mary,31/12/1979,0,0,0
6065,EPIDEMIC,Portland,31/12/1979,0,0,0
6064,EPIDEMIC,St. Thomas,31/12/1979,0,0,0
6063,EPIDEMIC,Kingston,31/12/1979,0,0,0
6062,EPIDEMIC,St. Catherine,31/12/1978,0,0,0
6061,EPIDEMIC,Clarendon,31/12/1978,0,0,0
6060,EPIDEMIC,Manchester,31/12/1978,0,0,0
6059,EPIDEMIC,Westmoreland,31/12/1978,0,0,0
6058,EPIDEMIC,St. Ann,31/12/1978,0,0,0
6057,EPIDEMIC,St. Mary,31/12/1978,0,0,0
6056,EPIDEMIC,Portland,31/12/1978,0,0,0
6055,EPIDEMIC,Kingston,31/12/1978,0,0,0
6054,EPIDEMIC,St. Ann,10/03/1978,0,0,0
6053,EPIDEMIC,Westmoreland,25/04/1978,0,0,0
6052,EPIDEMIC,St. Thomas,02/02/1978,0,0,0
6051,EPIDEMIC,St. Elizabeth,02/02/1978,0,0,0
6050,EPIDEMIC,St. Catherine,02/02/1978,0,0,0
6049,EPIDEMIC,St. Mary,02/02/1978,0,0,0
6048,EPIDEMIC,Clarendon,02/02/1978,0,0,0
6047,EPIDEMIC,Clarendon,18/01/1980,0,0,0
6046,EPIDEMIC,St. Thomas,21/08/1979,0,0,0
6045,EPIDEMIC,St. Thomas,31/12/1978,0,0,0
6044,PLAGUE,St. James,16/12/1978,0,0,0
6043,PLAGUE,Trelawny,16/12/1978,0,0,0
6042,PLAGUE,Westmoreland,16/12/1978,0,0,0
6041,PLAGUE,Hanover,16/12/1978,0,0,0
6040,PLAGUE,St. Andrew,16/12/1978,0,0,0
6039,PLAGUE,Portland,16/12/1978,0,0,0
6038,PLAGUE,St. Thomas,16/12/1978,0,0,0
6037,PLAGUE,St. Mary,16/12/1978,0,0,0
6036,PLAGUE,St. Catherine,16/12/1978,0,0,0
6035,PLAGUE,St. Ann,16/12/1978,0,0,0
6034,PLAGUE,Clarendon,16/12/1978,0,0,0
6033,EPIDEMIC,St. James,31/12/1978,0,0,0
6032,EPIDEMIC,St. Elizabeth,31/12/1978,0,0,0
6031,PLAGUE,St. Ann,01/11/1978,0,0,0
6030,PLAGUE,Westmoreland,18/09/1978,0,0,0
6029,PLAGUE,St. Ann,14/03/1978,0,0,0
6028,EPIDEMIC,Clarendon,06/03/1978,0,0,0
6027,EPIDEMIC,St. Thomas,28/03/1978,0,0,0
6026,EPIDEMIC,St. Ann,30/01/1978,0,0,0
6025,EPIDEMIC,Kingston,24/02/1978,0,0,0
6024,EARTHQUAKE,Kingston,29/09/1983,0,0,0
6023,EARTHQUAKE,St. Elizabeth,25/09/1983,0,0,0
6022,EARTHQUAKE,Kingston,10/06/1983,0,0,0
6021,EARTHQUAKE,Manchester,07/05/1983,0,0,0
6020,EARTHQUAKE,St. Elizabeth,29/03/1983,0,0,0
6019,EARTHQUAKE,Kingston,20/03/1983,0,0,0
6018,EARTHQUAKE,St. Elizabeth,19/02/1983,0,0,0
6017,EARTHQUAKE,Portland,22/11/1982,0,0,0
6016,EARTHQUAKE,St. Andrew,28/09/1982,0,0,0
6015,EARTHQUAKE,Portland,25/05/1982,0,0,0
6014,EARTHQUAKE,Trelawny,09/04/1982,0,0,0
6013,EARTHQUAKE,St. Andrew,25/03/1981,0,0,0
6012,EARTHQUAKE,Portland,25/03/1981,0,0,0
6011,EARTHQUAKE,Manchester,23/03/1981,0,0,0
6010,EARTHQUAKE,St. Andrew,17/01/1981,0,0,0
6009,EARTHQUAKE,Portland,17/01/1981,0,0,0
6008,EARTHQUAKE,Clarendon,12/12/1980,0,0,0
6007,EARTHQUAKE,Kingston,16/11/1980,0,0,0
6006,EARTHQUAKE,St. Elizabeth,11/09/1980,0,0,0
6005,EARTHQUAKE,Portland,05/06/1980,0,0,0
6004,EARTHQUAKE,Kingston,27/05/1980,0,0,0
6003,EARTHQUAKE,Kingston,26/09/1978,0,0,0
6002,EARTHQUAKE,Portland,26/02/1978,0,0,0
6001,EARTHQUAKE,Portland,26/02/1978,0,0,0
2204,EPIDEMIC,St. Mary,1995/12/0,0,0,0
2203,FIRE,St. Catherine,1991/1/0,0,0,0
2202,FIRE,Kingston,1991/1/0,0,0,0
2201,EXPLOSION,St. James,07/05/1990,0,0,5000
2200,FIRE,Kingston,10/02/1994,0,25,0
2198,FIRE,St. Mary,02/02/1994,0,15,0
2197,FIRE,St. Elizabeth,01/02/1994,0,0,0
2196,FIRE,Westmoreland,24/01/1994,0,0,5900
2195,FIRE,Kingston,13/01/1994,0,0,0
2194,FIRE,Hanover,12/01/1994,0,0,47000
2193,FIRE,Manchester,11/01/1994,0,15,0
2192,FIRE,Clarendon,03/01/1994,0,0,4760000
2191,FIRE,Kingston,02/01/1994,0,22,10000
2190,FIRE,Kingston,01/01/1994,0,22,0
2189,FIRE,Kingston,1994/1/0,0,5,0
2188,EXPLOSION,Kingston,1993/0/0,0,0,0
2187,EPIDEMIC,Clarendon,1995/0/0,0,0,0
2186,EPIDEMIC,Westmoreland,1995/0/0,0,0,0
2184,EPIDEMIC,St. James,1995/0/0,0,0,0
2183,EPIDEMIC,Kingston,1995/0/0,0,0,0
2182,EPIDEMIC,Hanover,1994/0/0,0,0,0
2181,EPIDEMIC,Hanover,1994/0/0,0,0,0
2180,EPIDEMIC,Hanover,1994/0/0,0,0,0
2179,EPIDEMIC,St. James,1994/0/0,0,0,0
2178,EPIDEMIC,Kingston,1994/0/0,0,0,0
2177,EPIDEMIC,St. James,1995/0/0,0,0,0
2176,EPIDEMIC,St. James,1993/0/0,0,0,0
2175,EPIDEMIC,Kingston,1993/0/0,0,0,0
2174,EPIDEMIC,St. Catherine,1992/0/0,0,0,0
2173,EPIDEMIC,St. Elizabeth,1992/0/0,0,0,0
2172,EPIDEMIC,Westmoreland,1992/0/0,0,0,0
2171,EPIDEMIC,St. James,1992/0/0,0,0,0
2170,EPIDEMIC,St. Thomas,1992/0/0,0,0,0
2169,EPIDEMIC,Kingston,1992/0/0,0,0,0
2168,EPIDEMIC,St. Elizabeth,1991/0/0,0,0,0
2167,EPIDEMIC,Westmoreland,1991/0/0,0,0,0
2166,EPIDEMIC,St. Mary,1991/0/0,0,0,0
2165,EPIDEMIC,St. Thomas,1991/0/0,0,0,0
2164,EPIDEMIC,Kingston,1991/0/0,0,0,0
2163,EPIDEMIC,St. Catherine,1990/0/0,0,0,0
2162,EPIDEMIC,Clarendon,1990/0/0,0,0,0
2161,EPIDEMIC,Manchester,1990/0/0,1,0,0
2160,EPIDEMIC,St. Elizabeth,1990/0/0,0,0,0
2159,EPIDEMIC,Westmoreland,1990/0/0,188,0,0
2158,EPIDEMIC,Hanover,1990/0/0,0,0,0
2157,EPIDEMIC,St. Mary,1990/0/0,0,0,0
2156,EPIDEMIC,Kingston,1990/0/0,0,0,0
2155,EARTHQUAKE,Portland,13/01/1993,0,0,0
2154,EARTHQUAKE,Clarendon,13/01/1993,0,60,0
2153,EARTHQUAKE,St. Thomas,13/01/1993,0,0,0
2152,EARTHQUAKE,St. Catherine,13/01/1993,0,112,0
2151,EARTHQUAKE,St. Andrew,13/01/1993,0,960,1000000
2150,ELECTRICSTORM,St. Thomas,08/06/1993,0,0,0
2149,FLOOD,Clarendon,10/11/1994,0,0,0
2146,LANDSLIDE,St. Ann,29/12/1995,0,0,0
2145,LANDSLIDE,St. Ann,25/12/1995,0,0,0
2144,LANDSLIDE,St. Andrew,01/05/1995,0,0,0
2143,LANDSLIDE,Kingston,01/05/1995,0,0,0
2142,LANDSLIDE,Clarendon,01/05/1995,0,0,0
2141,LANDSLIDE,St. Catherine,01/05/1995,0,0,0
2140,LANDSLIDE,St. Catherine,11/11/1994,0,0,0
2139,FLOOD,St. Thomas,22/01/1994,0,0,0
2138,LANDSLIDE,Portland,22/01/1994,0,0,0
2137,STRUCTURE,St. Catherine,22/01/1994,0,0,0
2136,LANDSLIDE,St. Andrew,22/01/1994,0,0,0
2135,LANDSLIDE,St. Mary,22/01/1994,0,0,0
2134,LANDSLIDE,Portland,21/04/1993,0,0,0
2133,LANDSLIDE,St. Andrew,21/05/1993,0,0,0
2132,LANDSLIDE,St. Catherine,21/05/1993,0,0,0
2130,FLOOD,St. Mary,24/12/1995,0,0,3569000000
2129,FLOOD,St. Mary,24/12/1995,0,0,479622000
2128,FLOOD,Portland,24/12/1995,0,0,105780000
2127,FLOOD,Portland,24/11/1995,0,0,0
2126,FLOOD,Trelawny,24/11/1995,0,0,0
2125,FLOOD,St. James,24/11/1995,0,0,1559838000
2124,FLOOD,St. Mary,24/11/1995,0,0,63336000
2123,FLOOD,St. Ann,24/11/1995,0,0,165438000
2122,FLOOD,St. Catherine,18/11/1995,0,0,89289000
2121,FLOOD,St. Thomas,12/10/1995,0,400,0
2120,FLOOD,St. Andrew,01/10/1995,0,0,0
2119,FLOOD,Kingston,01/10/1995,0,0,0
2118,FLOOD,St. Mary,01/10/1995,0,0,0
2117,FLOOD,St. Thomas,01/10/1995,0,0,0
2116,FLOOD,Portland,01/10/1995,0,0,0
2115,FLOOD,Trelawny,28/09/1995,0,0,0
2114,FLOOD,Hanover,28/09/1995,0,0,0
2113,FLOOD,Portland,28/09/1995,0,0,0
2112,FLOOD,St. Thomas,28/09/1995,0,0,0
2111,FLOOD,St. Andrew,31/07/1995,0,0,0
2109,ALLUVION,Kingston,01/05/1995,0,0,0
2108,ALLUVION,Kingston,01/05/1995,0,0,0
2107,ALLUVION,Clarendon,01/05/1995,0,0,0
2106,ALLUVION,St. Catherine,01/05/1995,0,0,0
2105,FLOOD,St. Catherine,30/04/1995,0,0,0
2104,FLOOD,Hanover,30/04/1995,0,0,0
2103,FLOOD,Hanover,30/04/1995,0,0,0
2102,FLOOD,Westmoreland,30/04/1995,0,0,0
2101,FLOOD,St. James,30/04/1995,0,0,0
2100,FLOOD,Clarendon,14/12/1994,0,0,0
2099,FLOOD,St. Catherine,14/12/1994,0,428,0
2098,FLOOD,Portland,10/11/1994,0,0,0
2097,FLOOD,St. Catherine,10/11/1994,0,0,0
2096,FLOOD,St. Elizabeth,10/11/1994,0,0,230250
2095,FLOOD,St. Andrew,20/05/1994,0,0,0
2094,FLOOD,St. Elizabeth,19/05/1994,0,0,2882500
2093,FLOOD,Hanover,28/04/1994,0,0,0
2091,FLOOD,St. Thomas,14/12/1993,0,0,0
2090,FLOOD,Clarendon,14/12/1993,0,0,0
2089,FLOOD,St. Catherine,14/12/1993,0,48,0
2088,FLOOD,St. Thomas,21/06/1993,0,0,0
2087,FLOOD,St. Mary,24/05/1993,0,0,0
2086,FLOOD,St. Andrew,24/05/1993,0,0,0
2085,FLOOD,St. Thomas,24/05/1993,0,0,0
2084,FLOOD,Portland,24/05/1993,0,0,0
2082,FLOOD,St. James,18/05/1993,0,0,0
2081,FLOOD,Hanover,18/05/1993,0,0,0
2080,FLOOD,St. Andrew,18/05/1993,0,0,0
2079,FLOOD,Kingston,18/05/1993,0,0,0
2078,FLOOD,St. Catherine,18/05/1993,0,0,0
2077,FLOOD,Clarendon,18/05/1993,0,0,0
2076,FLOOD,Hanover,16/05/1993,0,0,0
2075,FLOOD,Westmoreland,16/05/1993,0,0,0
2074,FLOOD,Portland,16/05/1993,0,0,0
2073,FLOOD,St. Mary,16/05/1993,0,0,0
2072,FLOOD,St. Thomas,10/05/1993,0,0,0
2071,FLOOD,St. Mary,10/03/1993,0,0,0
2070,FLOOD,St. Andrew,10/05/1993,0,0,0
2069,FLOOD,Kingston,10/05/1993,0,0,0
2068,FLOOD,Portland,10/05/1993,0,0,0
2067,FLOOD,Hanover,03/05/1993,0,0,0
2066,FLOOD,St. James,05/05/1993,0,0,0
2064,FLOOD,Clarendon,14/04/1993,0,0,0
2065,FLOOD,St. Thomas,14/04/1993,0,0,0
2063,FLOOD,St. Elizabeth,14/04/1993,0,0,0
2062,LANDSLIDE,St. Andrew,14/04/1993,0,0,0
2061,FLOOD,Manchester,14/04/1993,0,0,86863200
2060,FLOOD,St. Mary,14/04/1993,0,0,308282800
2059,FLOOD,Portland,14/04/1993,0,0,483904000
2058,FLOOD,Clarendon,04/03/1993,0,0,0
2057,FLOOD,Clarendon,04/03/1993,0,0,0
2056,FLOOD,Portland,06/02/1993,0,0,0
2054,FLOOD,St. Catherine,06/02/1993,0,0,0
2053,FLOOD,Kingston,06/02/1993,0,0,0
2052,FLOOD,Portland,25/01/1993,0,0,0
2051,LANDSLIDE,St. Thomas,25/01/1993,0,0,0
2050,LANDSLIDE,St. Mary,21/05/1991,0,0,0
2049,LANDSLIDE,St. Catherine,21/05/1991,0,0,0
2048,LANDSLIDE,Portland,21/05/1991,0,0,0
2047,LANDSLIDE,St. Thomas,21/05/1991,0,0,0
2046,FLOOD,Hanover,21/05/1991,0,0,0
2045,FLOOD,St. Ann,21/05/1991,0,0,0
2044,FLOOD,Westmoreland,21/05/1991,0,0,0
2043,FLOOD,Trelawny,21/05/1991,0,0,0
2042,FLOOD,St. James,21/05/1991,0,0,0
2041,FLOOD,St. Andrew,21/05/1991,0,0,0
2040,FLOOD,Kingston,21/05/1991,0,0,0
2039,FLOOD,St. Ann,21/05/1991,0,0,0
2038,FLOOD,St. Catherine,21/05/1991,0,0,0
2037,STRONGWIND,St. Andrew,20/05/1994,0,0,0
2036,ELECTRICSTORM,St. Ann,25/04/1994,0,0,12500
2035,STRONGWIND,St. James,21/04/1992,0,0,0
2034,HAILSTORM,Manchester,13/04/1993,0,0,54000
2033,HAILSTORM,Manchester,13/04/1993,0,0,3000
2032,ELECTRICSTORM,St. Thomas,08/06/1993,0,0,0
2031,FIRE,St. Andrew,1995/11/0,3,0,0
2030,FIRE,Kingston,1995/8/0,0,60,1500
2029,FIRE,Portland,1995/8/0,0,0,40000
2028,FIRE,St. Andrew,1995/6/0,0,28,0
2027,FIRE,Kingston,1995/6/0,0,0,250000
2026,FIRE,Westmoreland,1995/6/0,0,0,8400
2025,FORESTFIRE,Portland,1995/4/0,0,0,2500
2024,FIRE,Kingston,1995/4/0,0,0,0
2022,FIRE,St. Thomas,1995/5/0,0,0,0
2021,FIRE,Clarendon,10/02/1994,0,0,0
2020,LEAK,Kingston,30/04/1995,0,0,0
2019,LEAK,Kingston,22/06/1993,0,0,0
2018,LEAK,Kingston,14/06/1993,0,0,0
2017,POLLUTION,Manchester,01/06/1993,0,0,0
2016,POLLUTION,Manchester,1993/6/31,0,0,0
2015,LEAK,Trelawny,27/05/1991,0,0,0
2014,POLLUTION,Manchester,21/05/1991,0,0,0
6144,FIRE,St. Ann,23/10/1978,0,3,0
6143,FIRE,St. Andrew,01/10/1978,0,0,0
6142,FIRE,St. Andrew,26/08/1978,0,0,0
6141,FIRE,Trelawny,15/08/1978,0,0,0
6140,FIRE,Trelawny,15/07/1978,12,0,0
6139,FIRE,Kingston,05/08/1978,8,0,0
6138,FIRE,St. James,17/07/1978,0,0,0
6137,FIRE,Kingston,03/07/1978,0,65,0
6136,FIRE,St. James,30/06/1978,0,0,0
6135,FIRE,St. Andrew,28/06/1978,18,0,0
6134,FIRE,St. Andrew,25/06/1978,0,0,0
2013,LEAK,St. Ann,23/08/1995,0,0,0
2012,LEAK,St. James,29/01/1994,0,0,0
2011,POLLUTION,St. Ann,09/01/1994,0,0,0
2010,LEAK,Kingston,25/06/1992,0,0,0
2008,LEAK,Kingston,12/05/1992,0,0,0
2007,POLLUTION,St. Ann,13/04/1992,0,0,0
2006,LEAK,St. James,19/03/1992,0,0,0
2005,LEAK,Hanover,25/11/1991,0,0,0
2004,LEAK,Kingston,07/08/1991,0,0,0
2003,LEAK,Clarendon,17/02/1991,0,0,0
2002,LEAK,St. Catherine,17/02/1991,0,0,0
2001,LEAK,Kingston,11/03/1990,0,0,0
4138,FLOOD,St. Andrew,1998/11/0,0,0,0
4137,FLOOD,Kingston,1998/11/0,0,0,0
4136,FLOOD,Clarendon,1998/11/0,0,0,0
4135,FLOOD,Manchester,1998/11/0,0,0,0
4134,FLOOD,St. Thomas,1998/11/0,0,0,0
4133,FLOOD,St. Catherine,1998/11/0,0,0,0
4132,FLOOD,St. Elizabeth,1998/11/0,0,0,0
4131,FLOOD,St. James,1998/11/0,0,0,0
4130,LANDSLIDE,St. Andrew,1998/10/0,0,0,0
4129,LANDSLIDE,St. Catherine,1998/10/0,0,0,0
4002,LANDSLIDE,Clarendon,1998/10/0,0,0,0
4001,HURRICANE,St. Andrew,24/10/1998,0,0,0
4128,FLOOD,Portland,10/05/2001,0,0,0
4127,FLOOD,St. Mary,10/05/2001,600,0,0
4126,FLOOD,St. Thomas,18/05/2001,0,0,0
4125,LANDSLIDE,St. Catherine,2001/1/0,0,0,0
4124,FLOOD,St. Catherine,2001/1/0,0,0,0
4123,FLOOD,St. James,2001/1/0,5000,0,100000000
4122,LANDSLIDE,St. Mary,2001/1/0,0,0,0
4121,LANDSLIDE,Portland,2001/1/0,0,0,0
4120,FLOOD,St. Ann,2001/1/0,0,0,0
4119,FLOOD,Portland,2001/1/0,0,0,0
4118,FLOOD,Trelawny,2001/1/0,0,0,0
4117,FLOOD,Portland,17/12/2001,0,0,0
4116,HURRICANE,St. Elizabeth,2001/10/0,0,0,0
4115,FLOOD,Manchester,2001/10/0,0,0,0
4111,HURRICANE,Kingston,08/10/2001,0,0,0
4114,HURRICANE,St. Catherine,08/10/2001,0,0,0
4113,HURRICANE,Manchester,08/10/2001,0,0,0
4112,HURRICANE,Portland,08/10/2001,0,0,0
4110,LANDSLIDE,St. Ann,2001/10/0,0,0,0
4109,LANDSLIDE,Portland,2001/10/0,0,0,0
4108,FLOOD,St. Mary,2001/10/0,0,0,0
4107,FLOOD,St. Catherine,2001/10/0,40,0,0
4106,FLOOD,Portland,2001/10/0,0,0,0
4105,FLOOD,St. Mary,31/10/2001,0,0,0
4104,FLOOD,St. Elizabeth,2001/11/0,0,0,0
4103,FLOOD,St. Elizabeth,2001/11/0,0,0,0
4102,FLOOD,St. Andrew,2001/11/0,0,0,0
4101,FLOOD,St. Mary,2001/11/0,0,0,17200000
4100,FLOOD,Portland,2001/11/0,200,0,0
4099,STRONGWIND,St. James,29/07/2000,11,0,0
4098,STRONGWIND,Portland,15/01/2000,0,0,0
4097,STRONGWIND,Portland,12/01/2000,0,0,0
4096,STRONGWIND,Portland,15/01/2000,0,0,0
4095,STRONGWIND,Portland,15/01/2000,0,0,0
4094,STRONGWIND,Portland,15/01/2000,0,0,0
4093,STRONGWIND,Portland,15/01/2000,0,0,0
4092,STRONGWIND,St. Catherine,08/08/1998,0,0,0
4091,STRONGWIND,St. Elizabeth,27/02/1997,12,0,0
4090,STRONGWIND,Clarendon,05/05/1996,0,0,2010162
4089,FLOOD,St. Mary,28/01/2000,0,0,0
4088,FLOOD,St. Ann,28/01/2000,0,0,0
4087,FLOOD,St. Ann,31/12/1999,15,0,0
4086,FLOOD,Portland,25/10/1999,11,0,0
4085,FLOOD,Kingston,21/10/1999,0,0,0
4084,FLOOD,Clarendon,21/09/1999,3,0,0
4083,FLOOD,Clarendon,15/09/1999,2,0,0
4082,FLOOD,St. Andrew,09/09/1999,0,0,1000000
4081,FLOOD,St. James,25/06/1999,0,0,0
4080,FLOOD,St. Elizabeth,11/06/1999,0,0,0
4079,FLOOD,Trelawny,10/05/1999,0,0,0
4078,FLOOD,St. Mary,1998/3/0,0,0,15000000
4077,FLOOD,St. Catherine,1999/3/0,0,0,0
4076,FLOOD,St. Ann,18/12/1998,0,0,0
4075,FLOOD,St. Catherine,1998/12/0,0,0,0
4074,FLOOD,St. Andrew,1998/12/0,0,0,0
4073,FLOOD,St. Thomas,1998/12/0,0,0,0
4072,FLOOD,Portland,1998/12/0,0,0,0
4071,FLOOD,St. Ann,1998/12/0,0,0,0
4070,LANDSLIDE,St. Andrew,04/11/1998,0,0,0
4069,FLOOD,St. Andrew,04/11/1998,0,0,0
4068,FLOOD,St. Mary,1998/11/0,0,0,20000
4067,FLOOD,St. Ann,1998/11/0,0,0,32000
4066,FLOOD,St. Elizabeth,1998/11/0,0,0,805000
4065,FLOOD,Trelawny,1998/11/0,0,0,602000
4064,FLOOD,St. Thomas,1998/11/0,0,0,730000
4063,FLOOD,Manchester,1998/11/0,0,0,960000
4062,FLOOD,Hanover,1998/11/0,0,0,1900000
4061,FLOOD,St. James,1998/11/0,0,0,1700000
4060,FLOOD,Westmoreland,1998/11/0,0,0,2700000
4059,FLOOD,Clarendon,1998/11/0,0,0,3000000
4058,FLOOD,Kingston,1998/11/0,0,0,5000000
4057,FLOOD,Trelawny,1998/11/0,0,0,10000000
4056,FLOOD,St. James,28/10/1998,0,0,0
4055,FLOOD,St. Thomas,28/10/1998,0,0,0
4054,FLOOD,Kingston,28/10/1998,0,0,0
4053,FLOOD,Kingston,24/10/1998,0,0,0
4052,FLOOD,St. Andrew,24/10/1998,0,0,0
4051,FLOOD,Clarendon,24/10/1998,0,0,0
4050,FLOOD,Manchester,24/10/1998,0,0,0
4049,FLOOD,St. Thomas,24/10/1998,0,0,0
4048,FLOOD,St. Catherine,24/10/1998,0,0,0
4047,FLOOD,St. Elizabeth,24/10/1998,0,0,0
4046,FLOOD,St. James,24/10/1998,0,0,0
4045,FLOOD,Manchester,1998/9/0,0,0,0
4044,FLOOD,Portland,1998/9/0,0,0,0
4043,FLOOD,St. Andrew,1998/9/0,0,0,13500000
4042,FLOOD,St. Andrew,1998/9/0,0,0,0
4041,FLOOD,St. Catherine,1998/5/0,0,0,0
4040,FLOOD,Portland,03/01/1998,0,0,0
4039,FLOOD,Portland,1998/1/0,0,0,0
4038,FLOOD,Clarendon,15/11/1997,60,0,0
4037,FLOOD,Clarendon,23/10/1997,0,0,0
4036,FLOOD,Clarendon,18/10/1997,0,0,0
4035,FLOOD,Clarendon,07/09/1997,0,0,0
4034,FLOOD,Clarendon,25/08/1997,0,0,0
4033,FLOOD,Trelawny,06/02/1996,0,0,39300000
4032,FLOOD,St. James,06/02/1996,0,0,26950000
4031,FLOOD,St. Ann,06/02/1996,0,0,15652000
4030,FLOOD,St. Mary,06/02/1996,0,0,0
4029,FLOOD,Portland,06/02/1996,0,0,19460000
4028,FLOOD,Portland,10/01/1996,0,0,18536000
4027,LANDSLIDE,Portland,1999/12/0,0,0,0
4026,LANDSLIDE,Hanover,1999/9/0,0,0,0
4025,LANDSLIDE,St. Andrew,1999/9/0,0,0,0
4024,LANDSLIDE,St. Mary,1999/3/0,0,0,0
4023,LANDSLIDE,Portland,1998/12/0,0,0,0
4022,LANDSLIDE,St. Andrew,1998/12/0,2000,0,5000000
4021,LANDSLIDE,St. Thomas,1998/12/0,0,0,0
4020,LANDSLIDE,St. Ann,1998/12/0,0,0,0
4019,LANDSLIDE,St. Mary,1998/12/0,0,0,0
4018,LANDSLIDE,St. Andrew,1998/12/0,0,0,0
4017,LANDSLIDE,Portland,1998/12/0,0,0,0
4016,LANDSLIDE,St. Catherine,1998/10/0,0,0,0
4015,LANDSLIDE,St. Andrew,1998/10/0,0,0,0
4014,LANDSLIDE,Clarendon,1998/10/0,0,0,0
4013,LANDSLIDE,Portland,1998/9/0,0,0,0
4012,LANDSLIDE,St. Andrew,1998/9/0,0,0,0
4011,LANDSLIDE,St. Thomas,04/06/1997,0,0,0
4010,LANDSLIDE,Clarendon,04/06/1997,0,0,0
4009,LANDSLIDE,Westmoreland,04/06/1997,0,0,0
4008,LANDSLIDE,St. Andrew,04/06/1997,0,0,0
4007,LANDSLIDE,Kingston,04/06/1997,0,0,0
4006,LANDSLIDE,St. Catherine,04/06/1997,0,0,0
4005,LANDSLIDE,St. Thomas,04/06/1997,0,0,0
4004,LANDSLIDE,Portland,04/06/1997,0,0,0
4003,LANDSLIDE,Portland,01/01/1996,0,0,0
8048,FLOOD,Portland,01/06/1977,0,0,0
8047,FLOOD,St. Ann,01/06/1977,0,0,0
8046,FLOOD,St. Andrew,01/06/1977,0,0,0
8045,FLOOD,St. Elizabeth,01/06/1977,0,0,0
8044,FLOOD,Westmoreland,01/06/1977,0,0,0
8043,FLOOD,St. James,01/06/1977,0,0,0
8042,FLOOD,Hanover,01/06/1977,0,0,0
8041,FLOOD,Trelawny,01/06/1977,0,0,0
8040,FLOOD,St. Catherine,01/06/1977,0,0,0
8039,FLOOD,Manchester,01/06/1977,0,0,0
8038,FLOOD,Clarendon,01/06/1977,0,0,0
8037,DROUGHT,Clarendon,01/03/1977,0,0,0
8036,DROUGHT,Clarendon,01/03/1977,0,0,0
8035,DROUGHT,St. Thomas,01/03/1977,0,0,0
8034,LANDSLIDE,Westmoreland,19/09/1975,0,0,0
8033,LANDSLIDE,Hanover,19/09/1975,0,0,0
8032,FLOOD,Hanover,19/09/1975,0,0,0
8031,ELECTRICSTORM,St. Mary,25/08/1975,0,0,0
8030,DROUGHT,St. Andrew,01/08/1975,0,0,0
8029,DROUGHT,Kingston,01/08/1975,0,0,0
8028,DROUGHT,St. Elizabeth,01/08/1975,0,0,0
8027,DROUGHT,Clarendon,01/08/1975,0,0,0
8026,DROUGHT,St. James,01/08/1975,0,0,0
8025,STRONGWIND,St. Mary,18/09/1975,0,0,0
8024,STRONGWIND,Hanover,18/09/1975,0,0,0
8023,STRONGWIND,St. James,18/09/1975,0,0,0
8022,STRONGWIND,St. Ann,18/09/1975,0,0,0
8021,FIRE,Kingston,23/05/1975,0,0,0
8020,FIRE,Kingston,03/01/1975,0,0,0
8019,FLOOD,St. Mary,04/12/1974,0,0,0
8018,FLOOD,Hanover,04/12/1974,0,0,0
8017,FLOOD,Trelawny,04/12/1974,0,0,0
8016,FLOOD,St. James,04/12/1974,0,0,0
8015,FLOOD,St. Ann,04/12/1974,0,0,0
8014,FLOOD,St. Elizabeth,18/10/1973,0,0,0
8013,FLOOD,Kingston,18/10/1973,0,0,0
8012,FLOOD,Manchester,18/10/1973,0,0,0
8011,FLOOD,Clarendon,18/10/1973,0,0,0
8010,ALLUVION,St. Catherine,18/10/1973,0,0,0
8009,FLOOD,St. Ann,18/10/1973,0,0,0
8008,FLOOD,Portland,18/10/1973,0,0,0
8007,FLOOD,Westmoreland,18/10/1973,0,0,0
8006,LANDSLIDE,St. James,18/10/1973,0,0,0
8005,FLOOD,St. James,18/10/1973,0,0,0
8004,LANDSLIDE,Trelawny,18/10/1973,0,0,0
8003,FLOOD,Trelawny,18/10/1973,0,0,0
8002,FIRE,Kingston,15/10/1973,0,0,0
8001,FIRE,St. James,12/10/1973,0,0,0
