Serial,Event,&quot;Province&quot;,Date (YMD),Directly affected,Indirectly Affected,Losses $USD
1471,Flood,Hà Tĩnh,04/08/2019,0,0,0
81107,Storm,Quảng Bình,07/11/2008,0,0,0
81029,Flood,Quảng Bình,29/10/2008,0,0,0
81029,Flood,Quảng Bình,29/10/2008,0,0,0
81029,Flood,Quảng Bình,29/10/2008,0,0,0
80929,Storm,Quảng Bình,29/09/2008,0,0,0
80929,Storm,Quảng Bình,29/09/2008,0,0,0
80929,Storm,Quảng Bình,29/09/2008,0,0,0
80929,Storm,Quảng Bình,29/09/2008,0,0,0
80929,Storm,Quảng Bình,29/09/2008,0,0,0
80929,Storm,Quảng Bình,29/09/2008,0,0,0
80929,Storm,Quảng Bình,29/09/2008,0,0,0
90928,Storm,Quảng Bình,28/09/2009,0,0,0
90928,Storm,Quảng Bình,28/09/2009,0,0,0
90928,Storm,Quảng Bình,28/09/2009,0,0,0
90928,Storm,Quảng Bình,28/09/2009,0,0,0
90928,Storm,Quảng Bình,28/09/2009,0,0,0
90928,Storm,Quảng Bình,28/09/2009,0,0,0
90928,Storm,Quảng Bình,28/09/2009,0,0,0
51006,Storm,Quảng Bình,10/10/2005,0,0,0
90923,Flood,Quảng Bình,23/09/2009,0,0,0
90923,Flood,Quảng Bình,23/09/2009,0,0,0
90923,Flood,Quảng Bình,23/09/2009,0,0,0
90923,Flood,Quảng Bình,23/09/2009,0,0,0
90923,Flood,Quảng Bình,23/09/2009,0,0,0
90923,Flood,Quảng Bình,23/09/2009,0,0,0
101014,Rain,Quảng Bình,14/10/2010,0,0,0
101014,Rain,Quảng Bình,14/10/2010,0,0,0
101014,Rain,Quảng Bình,14/10/2010,0,0,0
101014,Rain,Quảng Bình,14/10/2010,0,0,0
101014,Rain,Quảng Bình,14/10/2010,0,0,0
101014,Rain,Quảng Bình,14/10/2010,0,0,0
101014,Rain,Quảng Bình,14/10/2010,0,0,0
101003,Rain,Quảng Bình,03/10/2010,0,0,0
101003,Rain,Quảng Bình,03/10/2010,0,0,0
50917,Storm,Quảng Bình,17/09/2005,0,0,0
101003,Rain,Quảng Bình,03/10/2010,0,0,0
101003,Rain,Quảng Bình,03/10/2010,0,0,0
101003,Rain,Quảng Bình,03/10/2010,0,0,0
101003,Rain,Quảng Bình,03/10/2010,0,0,0
101003,Rain,Quảng Bình,03/10/2010,0,0,0
100823,Storm,Quảng Bình,23/08/2010,0,0,0
100823,Storm,Quảng Bình,23/08/2010,0,0,0
100823,Storm,Quảng Bình,23/08/2010,0,0,0
100823,Storm,Quảng Bình,23/08/2010,0,0,0
100823,Storm,Quảng Bình,23/08/2010,0,0,0
100823,Storm,Quảng Bình,23/08/2010,0,0,0
100823,Storm,Quảng Bình,23/08/2010,0,0,0
10002,Typhoon,Hải Phòng,11/07/2010,0,0,0
10002,Typhoon,Quảng Ninh,11/07/2010,0,0,0
10002,Typhoon,Quảng Ngãi,11/07/2010,0,0,0
99,Flood,Thừa Thiên-Huế,15/05/2001,0,0,0
99,Flood,Quảng Trị,15/05/2001,0,0,0
98,Flash flood,Quảng Ninh,01/01/2001,0,0,0
98,Flash flood,Phú Thọ,01/01/2001,0,0,0
98,Flash flood,Lâm Đồng,01/01/2001,0,0,0
98,Flash flood,Kon Tum,01/01/2001,0,0,0
98,Flash flood,Hà Giang,01/01/2001,0,0,0
98,Flash flood,Hoà Bình,01/01/2001,0,0,0
98,Flash flood,Gia Lai,01/01/2001,0,0,0
98,Flash flood,Đồng Nai,01/01/2001,0,0,0
98,Flash flood,Đăk Lăk,01/01/2001,0,0,0
98,Flash flood,Cao Bằng,01/01/2001,0,0,0
98,Flash flood,Bình Phước,01/01/2001,0,0,0
98,Flash flood,Bắc Kạn,01/01/2001,0,0,0
97,Hailstorm,Yên Bái,01/01/2002,0,0,0
97,Hailstorm,Vĩnh Phúc,01/01/2002,0,0,0
97,Hailstorm,Thừa Thiên-Huế,01/01/2002,0,0,0
97,Hailstorm,Thanh Hoá,01/01/2002,0,0,0
97,Hailstorm,Tiền Giang,01/01/2002,0,0,0
97,Hailstorm,Quảng Nam,01/01/2002,0,0,0
97,Hailstorm,Phú Thọ,01/01/2002,0,0,0
97,Hailstorm,Nghệ An,01/01/2002,0,0,0
97,Hailstorm,Lai Châu,01/01/2002,0,0,0
97,Hailstorm,Lao Cai,01/01/2002,0,0,0
97,Hailstorm,Kiên Giang,01/01/2002,0,0,0
97,Hailstorm,Hà Tây,01/01/2002,0,0,0
97,Hailstorm,Hải Dương,01/01/2002,0,0,0
97,Hailstorm,Cà Mau,01/01/2002,0,0,0
97,Hailstorm,Cao Bằng,01/01/2002,0,0,0
97,Hailstorm,An Giang,01/01/2002,0,0,0
96,Flood,Quảng Trị,23/10/2002,0,0,0
96,Flood,Quảng Ngãi,23/10/2002,0,0,0
96,Flood,Bình Định,23/10/2002,0,0,0
95,Flood,Quảng Ngãi,03/11/2002,0,0,0
95,Flood,Phú Yên,03/11/2002,0,0,0
95,Flood,Khánh Hoà,03/11/2002,0,0,0
95,Flood,Bình Định,03/11/2002,0,0,0
94,Flood,Thừa Thiên-Huế,14/10/2002,0,0,0
93,Flood,Vĩnh Long,10/10/2002,0,0,0
93,Flood,Tiền Giang,10/10/2002,0,0,0
93,Flood,Sóc Trăng,10/10/2002,0,0,0
93,Flood,Long An,10/10/2002,0,0,0
93,Flood,Kiên Giang,10/10/2002,0,0,0
93,Flood,Thành phố Hồ Chí Minh,10/10/2002,0,0,0
93,Flood,Đồng Tháp,10/10/2002,0,0,0
93,Flood,Cần Thơ,10/10/2002,0,0,0
93,Flood,Bình Định,10/10/2002,0,0,0
93,Flood,An Giang,10/10/2002,0,0,0
92,Flood,Thừa Thiên-Huế,20/09/2002,0,0,0
92,Flood,Quảng Bình,20/09/2002,0,0,0
92,Flood,Nghệ An,20/09/2002,0,0,0
91,Flood,Yên Bái,15/08/2002,0,0,0
91,Flood,Lao Cai,15/08/2002,0,0,0
90,Flood,Yên Bái,29/07/2002,0,0,0
90,Flood,Tuyên Quang,29/07/2002,0,0,0
90,Flood,Thái Nguyên,29/07/2002,0,0,0
90,Flood,Lạng Sơn,29/07/2002,0,0,0
90,Flood,Lai Châu,29/07/2002,0,0,0
90,Flood,Lao Cai,29/07/2002,0,0,0
90,Flood,Bắc Kạn,29/07/2002,0,0,0
89,Flash flood,Tuyên Quang,01/06/2002,0,0,0
89,Flash flood,Sơn La,01/06/2002,0,0,0
89,Flash flood,Lâm Đồng,01/06/2002,0,0,0
89,Flash flood,Lao Cai,01/06/2002,0,0,0
89,Flash flood,Hà Tĩnh,01/06/2002,0,0,0
89,Flash flood,Hà Giang,01/06/2002,0,0,0
89,Flash flood,Đồng Nai,01/06/2002,0,0,0
89,Flash flood,Đăk Lăk,01/06/2002,0,0,0
89,Flash flood,Cao Bằng,01/06/2002,0,0,0
89,Flash flood,Bình Thuận,01/06/2002,0,0,0
89,Flash flood,Bắc Kạn,01/06/2002,0,0,0
89,Flash flood,Bình Dương,01/06/2002,0,0,0
88,Hailstorm,Vĩnh Phúc,01/01/2003,0,0,0
88,Hailstorm,Thừa Thiên-Huế,01/01/2003,0,0,0
88,Hailstorm,Tây Ninh,01/01/2003,0,0,0
88,Hailstorm,Thái Nguyên,01/01/2003,0,0,0
88,Hailstorm,Thanh Hoá,01/01/2003,0,0,0
88,Hailstorm,Thái Bình,01/01/2003,0,0,0
88,Hailstorm,Sơn La,01/01/2003,0,0,0
88,Hailstorm,Quảng Nam,01/01/2003,0,0,0
88,Hailstorm,Phú Thọ,01/01/2003,0,0,0
88,Hailstorm,Long An,01/01/2003,0,0,0
88,Hailstorm,Hà Giang,01/01/2003,0,0,0
88,Hailstorm,Hoà Bình,01/01/2003,0,0,0
88,Hailstorm,Bình Phước,01/01/2003,0,0,0
88,Hailstorm,Bình Dương,01/01/2003,0,0,0
87,Flood,Quảng Nam,11/11/2003,0,0,0
87,Flood,Phú Yên,11/11/2003,0,0,0
87,Flood,Ninh Thuận,11/11/2003,0,0,0
87,Flood,Lâm Đồng,11/11/2003,0,0,0
87,Flood,Kon Tum,11/11/2003,0,0,0
87,Flood,Khánh Hoà,11/11/2003,0,0,0
87,Flood,Gia Lai,11/11/2003,0,0,0
87,Flood,Đăk Lăk,11/11/2003,0,0,0
87,Flood,Bình Thuận,11/11/2003,0,0,0
87,Flood,Bình Định,11/11/2003,0,0,0
86,Flood,Thừa Thiên-Huế,10/10/2003,0,0,0
86,Flood,Quảng Trị,10/10/2003,0,0,0
86,Flood,Quảng Ngãi,10/10/2003,0,0,0
86,Flood,Quảng Nam,10/10/2003,0,0,0
86,Flood,Phú Yên,10/10/2003,0,0,0
86,Flood,Ninh Thuận,10/10/2003,0,0,0
86,Flood,Bình Định,10/10/2003,0,0,0
85,Flood,Quảng Bình,03/10/2003,0,0,0
85,Flood,Hà Tĩnh,03/10/2003,0,0,0
84,Cyclone,Yên Bái,08/09/2003,0,0,0
84,Cyclone,Thái Bình,08/09/2003,0,0,0
84,Cyclone,Nghệ An,08/09/2003,0,0,0
84,Cyclone,Nam Định,08/09/2003,0,0,0
84,Cyclone,Ninh Bình,08/09/2003,0,0,0
84,Cyclone,Hà Tĩnh,08/09/2003,0,0,0
83,Storm,Quảng Ninh,20/08/2003,0,0,0
83,Storm,Lạng Sơn,20/08/2003,0,0,0
83,Storm,Hải Phòng,20/08/2003,0,0,0
83,Storm,Hải Dương,20/08/2003,0,0,0
82,Storm,Thanh Hoá,20/07/2003,0,0,0
82,Storm,Thái Bình,20/07/2003,0,0,0
82,Storm,Phú Thọ,20/07/2003,0,0,0
82,Storm,Nam Định,20/07/2003,0,0,0
82,Storm,Ninh Bình,20/07/2003,0,0,0
82,Storm,Hưng Yên,20/07/2003,0,0,0
82,Storm,Hà Tây,20/07/2003,0,0,0
82,Storm,Hải Phòng,20/07/2003,0,0,0
82,Storm,Hà Nam,20/07/2003,0,0,0
82,Storm,Hải Dương,20/07/2003,0,0,0
82,Storm,Hoà Bình,20/07/2003,0,0,0
82,Storm,Bắc Ninh,20/07/2003,0,0,0
82,Storm,Bac Giang,20/07/2003,0,0,0
81,Landslide,Lai Châu,01/01/2003,0,0,0
81,Landslide,Lao Cai,01/01/2003,0,0,0
81,Landslide,Đăk Lăk,01/01/2003,0,0,0
81,Landslide,Bến Tre,01/01/2003,0,0,0
80,Hailstorm,Trà Vinh,01/01/2004,0,0,0
80,Hailstorm,Sơn La,01/01/2004,0,0,0
80,Hailstorm,Quảng Nam,01/01/2004,0,0,0
80,Hailstorm,Phú Yên,01/01/2004,0,0,0
80,Hailstorm,Phú Thọ,01/01/2004,0,0,0
80,Hailstorm,Nghệ An,01/01/2004,0,0,0
80,Hailstorm,Lạng Sơn,01/01/2004,0,0,0
80,Hailstorm,Lao Cai,01/01/2004,0,0,0
80,Hailstorm,Long An,01/01/2004,0,0,0
80,Hailstorm,Kiên Giang,01/01/2004,0,0,0
80,Hailstorm,Hà Giang,01/01/2004,0,0,0
80,Hailstorm,Đồng Tháp,01/01/2004,0,0,0
80,Hailstorm,Đà Nẵng,01/01/2004,0,0,0
80,Hailstorm,Điện Biên,01/01/2004,0,0,0
80,Hailstorm,Cần Thơ,01/01/2004,0,0,0
80,Hailstorm,Cao Bằng,01/01/2004,0,0,0
80,Hailstorm,Bình Thuận,01/01/2004,0,0,0
80,Hailstorm,Bắc Kạn,01/01/2004,0,0,0
80,Hailstorm,Bình Định,01/01/2004,0,0,0
80,Hailstorm,An Giang,01/01/2004,0,0,0
79,Flood,Thừa Thiên-Huế,24/11/2004,0,0,0
79,Flood,Quảng Trị,24/11/2004,0,0,0
79,Flood,Quảng Ngãi,24/11/2004,0,0,0
79,Flood,Quảng Nam,24/11/2004,0,0,0
79,Flood,Quảng Bình,24/11/2004,0,0,0
79,Flood,Hà Tĩnh,24/11/2004,0,0,0
79,Flood,Đà Nẵng,24/11/2004,0,0,0
78,Storm,Trà Vinh,24/11/2004,0,0,0
78,Storm,Sóc Trăng,24/11/2004,0,0,0
78,Storm,Kiên Giang,24/11/2004,0,0,0
78,Storm,Cà Mau,24/11/2004,0,0,0
78,Storm,Bạc Liêu,24/11/2004,0,0,0
77,Flood,Thái Bình,14/07/2004,0,0,0
77,Flood,Phú Thọ,14/07/2004,0,0,0
77,Flood,Nam Định,14/07/2004,0,0,0
77,Flood,Ninh Bình,14/07/2004,0,0,0
77,Flood,Hưng Yên,14/07/2004,0,0,0
77,Flood,Hà Tây,14/07/2004,0,0,0
77,Flood,Hải Phòng,14/07/2004,0,0,0
77,Flood,Hà Nội,14/07/2004,0,0,0
77,Flood,Hà Nam,14/07/2004,0,0,0
77,Flood,Hải Dương,14/07/2004,0,0,0
77,Flood,Bắc Ninh,14/07/2004,0,0,0
77,Flood,Bac Giang,14/07/2004,0,0,0
76,Flood,Thừa Thiên-Huế,10/06/2004,0,0,0
76,Flood,Quảng Trị,10/06/2004,0,0,0
76,Flood,Quảng Ngãi,10/06/2004,0,0,0
76,Flood,Quảng Nam,10/06/2004,0,0,0
76,Flood,Quảng Bình,10/06/2004,0,0,0
76,Flood,Phú Yên,10/06/2004,0,0,0
76,Flood,Nghệ An,10/06/2004,0,0,0
76,Flood,Hà Tĩnh,10/06/2004,0,0,0
76,Flood,Gia Lai,10/06/2004,0,0,0
76,Flood,Đà Nẵng,10/06/2004,0,0,0
76,Flood,Bình Định,10/06/2004,0,0,0
75,Landslide,Vĩnh Long,01/01/2004,0,0,0
75,Landslide,Long An,01/01/2004,0,0,0
75,Landslide,Kiên Giang,01/01/2004,0,0,0
75,Landslide,Hậu Giang,01/01/2004,0,0,0
75,Landslide,Đồng Tháp,01/01/2004,0,0,0
75,Landslide,Cần Thơ,01/01/2004,0,0,0
75,Landslide,An Giang,01/01/2004,0,0,0
74,Landslide,Lao Cai,15/09/2004,0,0,0
73,Cyclone,Quảng Ngãi,18/09/2004,0,0,0
73,Cyclone,Quảng Bình,18/09/2004,0,0,0
73,Cyclone,Nghệ An,18/09/2004,0,0,0
72,Cyclone,Tiền Giang,14/05/2004,0,0,0
72,Cyclone,Long An,14/05/2004,0,0,0
72,Cyclone,Đồng Nai,14/05/2004,0,0,0
72,Cyclone,Bình Thuận,14/05/2004,0,0,0
71,Flash flood,Yên Bái,01/05/2004,0,0,0
71,Flash flood,Tuyên Quang,01/05/2004,0,0,0
71,Flash flood,Sơn La,01/05/2004,0,0,0
71,Flash flood,Lai Châu,01/05/2004,0,0,0
71,Flash flood,Lao Cai,01/05/2004,0,0,0
71,Flash flood,Hà Giang,01/05/2004,0,0,0
71,Flash flood,Điện Biên,01/05/2004,0,0,0
71,Flash flood,Cao Bằng,01/05/2004,0,0,0
71,Flash flood,Bắc Kạn,01/05/2004,0,0,0
70,Hailstorm,Vĩnh Phúc,01/01/2005,0,0,0
70,Hailstorm,Thừa Thiên-Huế,01/01/2005,0,0,0
70,Hailstorm,Tuyên Quang,01/01/2005,0,0,0
70,Hailstorm,Thái Nguyên,01/01/2005,0,0,0
70,Hailstorm,Thanh Hoá,01/01/2005,0,0,0
70,Hailstorm,Tiền Giang,01/01/2005,0,0,0
70,Hailstorm,Quảng Trị,01/01/2005,0,0,0
70,Hailstorm,Quảng Ninh,01/01/2005,0,0,0
70,Hailstorm,Quảng Nam,01/01/2005,0,0,0
70,Hailstorm,Quảng Bình,01/01/2005,0,0,0
70,Hailstorm,Phú Thọ,01/01/2005,0,0,0
70,Hailstorm,Ninh Bình,01/01/2005,0,0,0
70,Hailstorm,Lạng Sơn,01/01/2005,0,0,0
70,Hailstorm,Lai Châu,01/01/2005,0,0,0
70,Hailstorm,Lao Cai,01/01/2005,0,0,0
70,Hailstorm,Long An,01/01/2005,0,0,0
70,Hailstorm,Kiên Giang,01/01/2005,0,0,0
70,Hailstorm,Hà Tĩnh,01/01/2005,0,0,0
70,Hailstorm,Hà Giang,01/01/2005,0,0,0
70,Hailstorm,Đồng Tháp,01/01/2005,0,0,0
70,Hailstorm,Đăk Lăk,01/01/2005,0,650,0
70,Hailstorm,Cần Thơ,01/01/2005,0,0,0
70,Hailstorm,Cao Bằng,01/01/2005,0,0,0
70,Hailstorm,Bạc Liêu,01/01/2005,0,0,0
70,Hailstorm,Bắc Kạn,01/01/2005,0,0,0
70,Hailstorm,An Giang,01/01/2005,0,0,0
69,Flood,Thừa Thiên-Huế,01/10/2005,0,0,0
69,Flood,Quảng Trị,01/10/2005,0,0,0
69,Flood,Quảng Ngãi,01/10/2005,0,0,0
69,Flood,Quảng Nam,01/10/2005,0,0,0
69,Flood,Quảng Bình,01/10/2005,0,0,0
69,Flood,Phú Yên,01/10/2005,0,0,0
69,Flood,Nghệ An,01/10/2005,0,0,0
69,Flood,Nam Định,01/10/2005,0,0,0
69,Flood,Hà Tĩnh,01/10/2005,0,0,0
69,Flood,Đà Nẵng,01/10/2005,0,0,0
69,Flood,Bình Định,01/10/2005,0,0,0
68,Flood,Quảng Ngãi,16/11/2005,0,0,0
68,Flood,Phú Yên,16/11/2005,0,0,0
68,Flood,Lâm Đồng,16/11/2005,0,0,0
68,Flood,Khánh Hoà,16/11/2005,0,0,0
68,Flood,Bình Định,16/11/2005,0,0,0
67,Flood,Quảng Ngãi,04/12/2005,0,0,0
67,Flood,Quảng Nam,04/12/2005,0,0,0
67,Flood,Phú Yên,04/12/2005,0,0,0
67,Flood,Ninh Thuận,04/12/2005,0,0,0
67,Flood,Khánh Hoà,04/12/2005,0,0,0
67,Flood,Đăk Nông,04/12/2005,0,0,0
67,Flood,Đăk Lăk,04/12/2005,0,0,0
67,Flood,Bình Định,04/12/2005,0,0,0
66,Cyclone,Thừa Thiên-Huế,07/10/2005,0,0,0
66,Cyclone,Quảng Trị,07/10/2005,0,0,0
66,Cyclone,Quảng Ngãi,07/10/2005,0,0,0
66,Cyclone,Quảng Nam,07/10/2005,0,0,0
66,Cyclone,Quảng Bình,07/10/2005,0,0,0
65,Cyclone,Thừa Thiên-Huế,12/09/2005,0,0,0
65,Cyclone,Quảng Nam,12/09/2005,0,0,0
65,Cyclone,Đà Nẵng,12/09/2005,0,0,0
65,Cyclone,Đăk Lăk,12/09/2005,0,0,0
64,Flood,Kon Tum,01/07/2005,0,0,0
63,Flood,Thừa Thiên-Huế,07/10/2005,0,0,0
63,Flood,Quảng Ngãi,07/10/2005,0,0,0
63,Flood,Quảng Nam,07/10/2005,0,0,0
63,Flood,Phú Yên,07/10/2005,0,0,0
63,Flood,Khánh Hoà,07/10/2005,0,0,0
63,Flood,Bình Định,07/10/2005,0,0,0
62,Flood,Long An,08/12/2005,0,0,0
62,Flood,Đồng Tháp,08/12/2005,0,0,0
62,Flood,An Giang,08/12/2005,0,0,0
61,Flash flood,Yên Bái,01/06/2005,0,0,0
61,Flash flood,Thanh Hoá,01/06/2005,0,0,0
61,Flash flood,Phú Thọ,01/06/2005,0,0,0
61,Flash flood,Nghệ An,01/06/2005,0,0,0
61,Flash flood,Lao Cai,01/06/2005,0,0,0
61,Flash flood,Hoà Bình,01/06/2005,0,0,0
61,Flash flood,Bình Thuận,01/06/2005,0,0,0
61,Flash flood,Bắc Kạn,01/06/2005,0,0,0
61,Flash flood,Bac Giang,01/06/2005,0,0,0
59,Storm,Thái Nguyên,25/07/2005,0,0,0
59,Storm,Thanh Hoá,25/07/2005,0,0,0
59,Storm,Thái Bình,25/07/2005,0,0,0
59,Storm,Sơn La,25/07/2005,0,0,0
59,Storm,Quảng Ninh,25/07/2005,0,0,0
59,Storm,Nam Định,25/07/2005,0,0,0
59,Storm,Ninh Bình,25/07/2005,0,0,0
59,Storm,Lao Cai,25/07/2005,0,0,0
59,Storm,Hà Tĩnh,25/07/2005,0,0,0
59,Storm,Hải Phòng,25/07/2005,0,0,0
59,Storm,Hà Nam,25/07/2005,0,0,0
59,Storm,Hoà Bình,25/07/2005,0,0,0
57,Storm,Thanh Hoá,10/08/2005,0,0,0
57,Storm,Nghệ An,10/08/2005,0,98,0
56,Landslide,Yên Bái,01/06/2005,0,0,0
56,Landslide,Quảng Ninh,01/06/2005,0,0,0
56,Landslide,Lao Cai,01/06/2005,0,0,0
56,Landslide,Cần Thơ,01/06/2005,0,0,0
55,Storm,Thanh Hoá,15/09/2005,0,0,0
55,Storm,Thái Bình,15/09/2005,0,0,0
55,Storm,Quảng Trị,15/09/2005,0,0,0
55,Storm,Quảng Ninh,15/09/2005,0,0,0
55,Storm,Quảng Bình,15/09/2005,0,0,0
55,Storm,Nghệ An,15/09/2005,0,0,0
55,Storm,Nam Định,15/09/2005,0,0,0
55,Storm,Ninh Bình,15/09/2005,0,0,0
55,Storm,Lao Cai,15/09/2005,0,0,0
55,Storm,Hải Phòng,15/09/2005,0,0,0
55,Storm,Hoà Bình,15/09/2005,0,0,0
55,Storm,Bình Định,15/09/2005,0,0,0
54,Storm,Nghệ An,20/08/2005,0,0,0
54,Storm,Hà Tĩnh,20/08/2005,0,0,0
53,Flood,Thừa Thiên-Huế,17/02/2006,0,0,0
53,Flood,Quảng Trị,17/02/2006,0,0,0
53,Flood,Quảng Bình,17/02/2006,0,0,0
52,Hailstorm,Yên Bái,01/01/2006,0,0,0
52,Hailstorm,Vĩnh Phúc,01/01/2006,0,0,0
52,Hailstorm,Vĩnh Long,01/01/2006,0,0,0
52,Hailstorm,Tuyên Quang,01/01/2006,0,0,0
52,Hailstorm,Thanh Hoá,01/01/2006,0,0,0
52,Hailstorm,Tiền Giang,01/01/2006,0,0,0
52,Hailstorm,Thái Bình,01/01/2006,0,0,0
52,Hailstorm,Sóc Trăng,01/01/2006,0,0,0
52,Hailstorm,Sơn La,01/01/2006,0,0,0
52,Hailstorm,Quảng Ninh,01/01/2006,0,0,0
52,Hailstorm,Phú Thọ,01/01/2006,0,0,0
52,Hailstorm,Ninh Thuận,01/01/2006,0,0,0
52,Hailstorm,Nghệ An,01/01/2006,0,0,0
52,Hailstorm,Lạng Sơn,01/01/2006,0,0,0
52,Hailstorm,Lai Châu,01/01/2006,0,0,0
52,Hailstorm,Hưng Yên,01/01/2006,0,0,0
52,Hailstorm,Hà Tĩnh,01/01/2006,0,0,0
52,Hailstorm,Hà Tây,01/01/2006,0,0,0
52,Hailstorm,Hà Giang,01/01/2006,0,0,0
52,Hailstorm,Thành phố Hồ Chí Minh,01/01/2006,0,0,0
52,Hailstorm,Đồng Tháp,01/01/2006,0,0,0
52,Hailstorm,Cần Thơ,01/01/2006,0,0,0
52,Hailstorm,Cao Bằng,01/01/2006,0,0,0
52,Hailstorm,Bắc Ninh,01/01/2006,0,0,0
52,Hailstorm,Bạc Liêu,01/01/2006,0,0,0
52,Hailstorm,Bắc Kạn,01/01/2006,0,0,0
51,Flood,Yên Bái,11/08/2006,0,0,0
51,Flood,Vĩnh Phúc,11/08/2006,0,0,0
51,Flood,Thừa Thiên-Huế,11/08/2006,0,0,0
51,Flood,Thanh Hoá,11/08/2006,0,0,0
51,Flood,Sơn La,11/08/2006,0,0,0
51,Flood,Quảng Trị,11/08/2006,0,0,0
51,Flood,Quảng Bình,11/08/2006,0,0,0
51,Flood,Phú Thọ,11/08/2006,0,0,0
51,Flood,Nghệ An,11/08/2006,0,0,0
51,Flood,Lạng Sơn,11/08/2006,0,0,0
51,Flood,Lâm Đồng,11/08/2006,0,92,0
51,Flood,Lao Cai,11/08/2006,0,0,0
51,Flood,Hà Tĩnh,11/08/2006,0,0,0
51,Flood,Hoà Bình,11/08/2006,0,0,0
51,Flood,Gia Lai,11/08/2006,0,0,0
51,Flood,Đăk Nông,11/08/2006,0,0,0
51,Flood,Đồng Nai,11/08/2006,0,0,0
51,Flood,Đăk Lăk,11/08/2006,0,0,0
51,Flood,Cao Bằng,11/08/2006,0,0,0
51,Flood,Bình Thuận,11/08/2006,0,31583,0
51,Flood,Bình Phước,11/08/2006,0,0,0
51,Flood,Bac Giang,11/08/2006,0,0,0
50,Flood,Vĩnh Phúc,17/07/2006,0,0,0
50,Flood,Tuyên Quang,17/07/2006,0,0,0
50,Flood,Thái Nguyên,17/07/2006,0,0,0
50,Flood,Lạng Sơn,17/07/2006,0,0,0
50,Flood,Lai Châu,17/07/2006,0,0,0
50,Flood,Lao Cai,17/07/2006,0,0,0
50,Flood,Hà Giang,17/07/2006,0,0,0
50,Flood,Điện Biên,17/07/2006,0,0,0
50,Flood,Cao Bằng,17/07/2006,0,0,0
50,Flood,Bắc Kạn,17/07/2006,0,0,0
49,Landslide,Tuyên Quang,01/03/2006,0,0,0
49,Landslide,Thái Nguyên,01/03/2006,0,0,0
49,Landslide,Sơn La,01/03/2006,0,0,0
49,Landslide,Lai Châu,01/03/2006,0,0,0
49,Landslide,Hà Giang,01/03/2006,0,0,0
49,Landslide,Bình Thuận,01/03/2006,0,0,0
49,Landslide,Bắc Kạn,01/03/2006,0,0,0
48,Flood,Yên Bái,29/07/2006,0,0,0
48,Flood,Quảng Ninh,29/07/2006,0,0,0
48,Flood,Nam Định,29/07/2006,0,0,0
47,Flood,Yên Bái,05/08/2006,0,0,0
47,Flood,Phú Thọ,05/08/2006,0,0,0
47,Flood,Lao Cai,05/08/2006,0,0,0
47,Flood,Cao Bằng,05/08/2006,0,0,0
46,Storm,Thừa Thiên-Huế,20/05/2006,0,0,0
46,Storm,Tiền Giang,20/05/2006,0,0,0
46,Storm,Quảng Ngãi,20/05/2006,0,0,0
46,Storm,Quảng Nam,20/05/2006,0,0,0
46,Storm,Đà Nẵng,20/05/2006,0,0,0
46,Storm,Bình Định,20/05/2006,0,0,0
45,Flood,Đồng Tháp,01/10/2006,0,0,0
45,Flood,Cần Thơ,01/10/2006,0,0,0
45,Flood,An Giang,01/10/2006,0,0,0
44,Flood,Phú Thọ,11/10/2006,0,0,0
44,Flood,Lao Cai,11/10/2006,0,0,0
43,Flood,Đăk Lăk,01/01/2006,0,0,0
42,Storm,Quảng Trị,01/09/2006,0,0,0
42,Storm,Quảng Nam,01/09/2006,0,0,0
42,Storm,Quảng Bình,01/09/2006,0,0,0
42,Storm,Nghệ An,01/09/2006,0,0,0
42,Storm,Hà Tĩnh,01/09/2006,0,0,0
41,Flood,Thừa Thiên-Huế,10/11/2007,0,416980,0
41,Flood,Quảng Trị,10/11/2007,0,10500,0
41,Flood,Quảng Ngãi,10/11/2007,0,304565,0
41,Flood,Quảng Nam,10/11/2007,0,200000,0
41,Flood,Khánh Hoà,10/11/2007,0,0,0
41,Flood,Đà Nẵng,10/11/2007,0,141345,0
41,Flood,Bình Định,10/11/2007,0,29285,0
40,Flood,Phú Yên,09/09/2008,0,0,0
40,Flood,Ninh Thuận,09/09/2008,0,0,0
40,Flood,Đồng Nai,09/09/2008,0,0,0
40,Flood,Bình Thuận,09/09/2008,0,0,0
39,Storm,Quảng Ninh,01/08/2008,0,0,0
38,Storm,Quảng Ngãi,14/04/2008,0,0,0
36,Hailstorm,Yên Bái,01/01/2008,0,0,0
36,Hailstorm,Vĩnh Phúc,01/01/2008,0,0,0
36,Hailstorm,Thừa Thiên-Huế,01/01/2008,0,0,0
36,Hailstorm,Tuyên Quang,01/01/2008,0,0,0
36,Hailstorm,Thái Nguyên,01/01/2008,0,0,0
36,Hailstorm,Thanh Hoá,01/01/2008,0,0,0
36,Hailstorm,Quảng Trị,01/01/2008,0,0,0
36,Hailstorm,Quảng Ninh,01/01/2008,0,0,0
36,Hailstorm,Quảng Nam,01/01/2008,0,0,0
36,Hailstorm,Quảng Bình,01/01/2008,0,0,0
36,Hailstorm,Phú Yên,01/01/2008,0,0,0
36,Hailstorm,Phú Thọ,01/01/2008,0,0,0
36,Hailstorm,Nghệ An,01/01/2008,0,0,0
36,Hailstorm,Lạng Sơn,01/01/2008,0,0,0
36,Hailstorm,Lai Châu,01/01/2008,0,0,0
36,Hailstorm,Kon Tum,01/01/2008,0,0,0
36,Hailstorm,Kiên Giang,01/01/2008,0,0,0
36,Hailstorm,Hải Phòng,01/01/2008,0,0,0
36,Hailstorm,Hậu Giang,01/01/2008,0,0,0
36,Hailstorm,Hà Giang,01/01/2008,0,0,0
36,Hailstorm,Thành phố Hồ Chí Minh,01/01/2008,0,0,0
36,Hailstorm,Đồng Tháp,01/01/2008,0,0,0
36,Hailstorm,Đăk Nông,01/01/2008,0,0,0
36,Hailstorm,Cần Thơ,01/01/2008,0,0,0
36,Hailstorm,Cà Mau,01/01/2008,0,0,0
36,Hailstorm,Cao Bằng,01/01/2008,0,0,0
36,Hailstorm,Bến Tre,01/01/2008,0,0,0
36,Hailstorm,Bình Thuận,01/01/2008,0,0,0
36,Hailstorm,Ba Ria-Vung Tau,01/01/2008,0,0,0
36,Hailstorm,Bình Phước,01/01/2008,0,0,0
36,Hailstorm,Bạc Liêu,01/01/2008,0,0,0
36,Hailstorm,Bắc Kạn,01/01/2008,0,0,0
35,Landslide,Yên Bái,01/04/2008,0,0,0
35,Landslide,Tuyên Quang,01/04/2008,0,0,0
35,Landslide,Sơn La,01/04/2008,0,0,0
35,Landslide,Lạng Sơn,01/04/2008,0,0,0
35,Landslide,Lao Cai,01/04/2008,0,0,0
35,Landslide,Hà Giang,01/04/2008,0,0,0
34,Flood,Quảng Ngãi,16/11/2008,0,0,0
34,Flood,Quảng Nam,16/11/2008,0,0,0
34,Flood,Phú Yên,16/11/2008,0,0,0
34,Flood,Ninh Thuận,16/11/2008,0,0,0
34,Flood,Lâm Đồng,16/11/2008,0,0,0
34,Flood,Khánh Hoà,16/11/2008,0,0,0
34,Flood,Gia Lai,16/11/2008,0,0,0
34,Flood,Đăk Nông,16/11/2008,0,0,0
34,Flood,Đăk Lăk,16/11/2008,0,0,0
34,Flood,Bình Định,16/11/2008,0,0,0
33,Flood,Yên Bái,15/09/2008,0,0,0
33,Flood,Thừa Thiên-Huế,15/09/2008,0,0,0
33,Flood,Quảng Trị,15/09/2008,0,0,0
33,Flood,Quảng Ngãi,15/09/2008,0,0,0
33,Flood,Quảng Nam,15/09/2008,0,0,0
33,Flood,Bình Định,15/09/2008,0,0,0
32,Flood,Thanh Hoá,29/09/2008,0,0,0
32,Flood,Tiền Giang,29/09/2008,0,0,0
32,Flood,Quảng Trị,29/09/2008,0,0,0
32,Flood,Quảng Bình,29/09/2008,0,0,0
32,Flood,Nghệ An,29/09/2008,0,0,0
32,Flood,Hà Tĩnh,29/09/2008,0,0,0
31,Flood,Yên Bái,21/09/2008,0,0,0
31,Flood,Vĩnh Phúc,21/09/2008,0,0,0
31,Flood,Sơn La,21/09/2008,0,0,0
31,Flood,Quảng Ninh,21/09/2008,0,0,0
31,Flood,Lạng Sơn,21/09/2008,0,0,0
31,Flood,Lai Châu,21/09/2008,0,0,0
31,Flood,Lao Cai,21/09/2008,0,0,0
31,Flood,Hà Giang,21/09/2008,0,0,0
31,Flood,Cao Bằng,21/09/2008,0,0,0
31,Flood,Bắc Kạn,21/09/2008,0,0,0
31,Flood,Bac Giang,21/09/2008,0,168743,0
30,Hailstorm,Yên Bái,01/01/2007,0,0,0
30,Hailstorm,Thừa Thiên-Huế,01/01/2007,0,0,0
30,Hailstorm,Tuyên Quang,01/01/2007,0,0,0
30,Hailstorm,Tây Ninh,01/01/2007,0,0,0
30,Hailstorm,Quảng Trị,01/01/2007,0,0,0
30,Hailstorm,Quảng Nam,01/01/2007,0,0,0
30,Hailstorm,Quảng Bình,01/01/2007,0,0,0
30,Hailstorm,Phú Thọ,01/01/2007,0,0,0
30,Hailstorm,Nghệ An,01/01/2007,0,0,0
30,Hailstorm,Lạng Sơn,01/01/2007,0,0,0
30,Hailstorm,Lai Châu,01/01/2007,0,0,0
30,Hailstorm,Lao Cai,01/01/2007,0,0,0
30,Hailstorm,Kiên Giang,01/01/2007,0,0,0
30,Hailstorm,Hà Giang,01/01/2007,0,0,0
30,Hailstorm,Đăk Nông,01/01/2007,0,0,0
30,Hailstorm,Đồng Nai,01/01/2007,0,0,0
30,Hailstorm,Đăk Lăk,01/01/2007,0,0,0
30,Hailstorm,Điện Biên,01/01/2007,0,0,0
30,Hailstorm,Cà Mau,01/01/2007,0,0,0
30,Hailstorm,Cao Bằng,01/01/2007,0,0,0
30,Hailstorm,Bình Thuận,01/01/2007,0,0,0
30,Hailstorm,Bắc Kạn,01/01/2007,0,0,0
30,Hailstorm,Bac Giang,01/01/2007,0,0,0
29,Storm,Vĩnh Long,01/12/2006,0,0,0
29,Storm,Trà Vinh,01/12/2006,0,0,0
29,Storm,Tiền Giang,01/12/2006,0,0,0
29,Storm,Phú Yên,01/12/2006,0,0,0
29,Storm,Long An,01/12/2006,0,0,0
29,Storm,Khánh Hoà,01/12/2006,0,0,0
29,Storm,Thành phố Hồ Chí Minh,01/12/2006,0,0,0
29,Storm,Đồng Tháp,01/12/2006,0,0,0
29,Storm,Đồng Nai,01/12/2006,0,0,0
29,Storm,Cần Thơ,01/12/2006,0,0,0
29,Storm,Bến Tre,01/12/2006,0,0,0
29,Storm,Bình Thuận,01/12/2006,0,0,0
29,Storm,Ba Ria-Vung Tau,01/12/2006,0,0,0
29,Storm,Bình Định,01/12/2006,0,0,0
29,Storm,An Giang,01/12/2006,0,0,0
28,Storm,Thừa Thiên-Huế,01/10/2006,0,0,0
28,Storm,Quảng Trị,01/10/2006,0,0,0
28,Storm,Quảng Ngãi,01/10/2006,0,0,0
28,Storm,Quảng Nam,01/10/2006,0,0,0
28,Storm,Quảng Bình,01/10/2006,0,0,0
28,Storm,Phú Yên,01/10/2006,0,0,0
28,Storm,Nghệ An,01/10/2006,0,0,0
28,Storm,Kon Tum,01/10/2006,0,0,0
28,Storm,Kiên Giang,01/10/2006,0,0,0
28,Storm,Hà Tĩnh,01/10/2006,0,0,0
28,Storm,Gia Lai,01/10/2006,0,0,0
28,Storm,Đà Nẵng,01/10/2006,0,0,0
28,Storm,Cà Mau,01/10/2006,0,0,0
28,Storm,Bạc Liêu,01/10/2006,0,0,0
28,Storm,Bình Định,01/10/2006,0,0,0
27,Flood,Quảng Ngãi,31/10/2009,0,0,0
27,Flood,Phú Yên,31/10/2009,0,0,0
27,Flood,Ninh Thuận,31/10/2009,0,0,0
27,Flood,Khánh Hoà,31/10/2009,0,0,0
27,Flood,Gia Lai,31/10/2009,0,0,0
27,Flood,Đăk Lăk,31/10/2009,0,0,0
27,Flood,Bình Định,31/10/2009,0,0,0
26,Flood,Thừa Thiên-Huế,26/09/2009,0,0,0
26,Flood,Quảng Trị,26/09/2009,0,0,0
26,Flood,Quảng Ngãi,26/09/2009,0,0,0
26,Flood,Quảng Nam,26/09/2009,0,0,0
26,Flood,Quảng Bình,26/09/2009,0,0,0
26,Flood,Phú Yên,26/09/2009,0,0,0
26,Flood,Lâm Đồng,26/09/2009,0,0,0
26,Flood,Kon Tum,26/09/2009,0,0,0
26,Flood,Hà Tĩnh,26/09/2009,0,0,0
26,Flood,Gia Lai,26/09/2009,0,0,0
26,Flood,Đăk Nông,26/09/2009,0,0,0
26,Flood,Đà Nẵng,26/09/2009,0,0,0
26,Flood,Đăk Lăk,26/09/2009,0,0,0
26,Flood,Bình Định,26/09/2009,0,0,0
25,Landslide,Yên Bái,01/01/2007,0,0,0
25,Landslide,Thanh Hoá,01/01/2007,0,0,0
25,Landslide,Quảng Ninh,01/01/2007,0,0,0
25,Landslide,Nghệ An,01/01/2007,0,0,0
25,Landslide,Nam Định,01/01/2007,0,0,0
25,Landslide,Lạng Sơn,01/01/2007,0,0,0
25,Landslide,Lao Cai,01/01/2007,0,0,0
25,Landslide,Hậu Giang,01/01/2007,0,0,0
25,Landslide,Hà Giang,01/01/2007,0,0,0
25,Landslide,Hoà Bình,01/01/2007,0,0,0
25,Landslide,Cà Mau,01/01/2007,0,0,0
24,Flood,Thừa Thiên-Huế,16/10/2007,0,420245,0
24,Flood,Quảng Trị,16/10/2007,0,40890,0
24,Flood,Quảng Ngãi,16/10/2007,0,255955,0
24,Flood,Quảng Nam,16/10/2007,0,34000,0
24,Flood,Quảng Bình,16/10/2007,0,10040,0
24,Flood,Phú Yên,16/10/2007,0,177855,0
24,Flood,Khánh Hoà,16/10/2007,0,105,0
24,Flood,Đà Nẵng,16/10/2007,0,22500,0
24,Flood,Bình Định,16/10/2007,0,186255,0
23,Storm,Quảng Ninh,04/07/2007,0,0,0
23,Storm,Hải Phòng,04/07/2007,0,0,0
23,Storm,Hoà Bình,04/07/2007,0,0,0
22,Flood,Thừa Thiên-Huế,14/10/2007,0,0,0
22,Flood,Quảng Trị,14/10/2007,0,0,0
22,Flood,Quảng Ngãi,14/10/2007,0,0,0
22,Flood,Quảng Nam,14/10/2007,0,0,0
22,Flood,Phú Yên,14/10/2007,0,0,0
22,Flood,Đà Nẵng,14/10/2007,0,0,0
22,Flood,Bình Định,14/10/2007,0,0,0
211,Flood,Quảng Ninh,10/07/2009,0,0,0
211,Flood,Quảng Ngãi,10/07/2009,0,0,0
21,Flood,Yên Bái,02/10/2007,0,0,0
21,Flood,Thừa Thiên-Huế,02/10/2007,0,0,0
21,Flood,Thanh Hoá,02/10/2007,0,73250,0
21,Flood,Thái Bình,02/10/2007,0,0,0
21,Flood,Sơn La,02/10/2007,0,0,0
21,Flood,Quảng Trị,02/10/2007,0,0,0
21,Flood,Quảng Ngãi,02/10/2007,0,0,0
21,Flood,Quảng Nam,02/10/2007,0,0,0
21,Flood,Quảng Bình,02/10/2007,0,0,0
21,Flood,Phú Thọ,02/10/2007,0,0,0
21,Flood,Nghệ An,02/10/2007,0,9684,0
21,Flood,Ninh Bình,02/10/2007,0,55000,0
21,Flood,Lâm Đồng,02/10/2007,0,0,0
21,Flood,Hà Tĩnh,02/10/2007,0,0,0
21,Flood,Hoà Bình,02/10/2007,0,0,0
21,Flood,Gia Lai,02/10/2007,0,0,0
21,Flood,Bình Thuận,02/10/2007,0,0,0
21,Flood,Bắc Ninh,02/10/2007,0,0,0
207,Hailstorm,Thái Bình,14/10/1989,0,0,0
207,Hailstorm,Hải Phòng,14/10/1989,0,0,0
206,Storm,Thanh Hoá,09/10/1989,0,0,0
205,Storm,Thanh Hoá,03/10/1989,0,0,0
204,Storm,Thanh Hoá,24/07/1989,0,0,0
203,Storm,Thanh Hoá,11/06/1989,0,0,0
203,Storm,Thái Bình,11/06/1989,0,0,0
203,Storm,Quảng Ninh,11/06/1989,0,0,0
203,Storm,Hải Phòng,11/06/1989,0,0,0
203,Storm,Hà Nội,11/06/1989,0,0,0
202,Flood,Thừa Thiên-Huế,14/10/1990,0,0,0
202,Flood,Quảng Trị,14/10/1990,0,0,0
202,Flood,Quảng Ngãi,14/10/1990,0,0,0
202,Flood,Phú Yên,14/10/1990,0,0,0
202,Flood,Hải Dương,14/10/1990,0,0,0
202,Flood,Bình Định,14/10/1990,0,0,0
201,Storm,Thừa Thiên-Huế,20/09/1990,0,740000,0
201,Storm,Thanh Hoá,20/09/1990,0,0,0
201,Storm,Quảng Trị,20/09/1990,0,96300,0
201,Storm,Quảng Bình,20/09/1990,0,199000,0
200,Storm,Thanh Hoá,28/08/1990,0,0,0
200,Storm,Quảng Trị,28/08/1990,0,0,0
200,Storm,Quảng Bình,28/08/1990,0,0,0
20,Storm,Thừa Thiên-Huế,01/08/2007,0,0,0
20,Storm,Quảng Trị,01/08/2007,0,0,0
20,Storm,Quảng Ngãi,01/08/2007,0,0,0
20,Storm,Quảng Nam,01/08/2007,0,0,0
20,Storm,Quảng Bình,01/08/2007,0,240030,0
20,Storm,Phú Yên,01/08/2007,0,0,0
20,Storm,Nghệ An,01/08/2007,0,0,0
20,Storm,Lâm Đồng,01/08/2007,0,0,0
20,Storm,Kon Tum,01/08/2007,0,0,0
20,Storm,Hà Tĩnh,01/08/2007,0,165427,0
20,Storm,Gia Lai,01/08/2007,0,0,0
20,Storm,Đăk Nông,01/08/2007,0,0,0
20,Storm,Đăk Lăk,01/08/2007,0,0,0
20,Storm,Bình Định,01/08/2007,0,0,0
20,Storm,An Giang,01/08/2007,0,0,0
199,Flash flood,Sơn La,01/01/1990,0,0,0
199,Flash flood,Lạng Sơn,01/01/1990,0,0,0
199,Flash flood,Lai Châu,01/01/1990,0,20000,0
199,Flash flood,Đăk Lăk,01/01/1990,0,0,0
199,Flash flood,Bình Định,01/01/1990,0,0,0
198,Hailstorm,Thái Nguyên,01/01/1990,0,0,0
198,Hailstorm,Thanh Hoá,01/01/1990,0,0,0
198,Hailstorm,Nghệ An,01/01/1990,0,0,0
198,Hailstorm,Hà Tây,01/01/1990,0,0,0
198,Hailstorm,Hải Phòng,01/01/1990,0,0,0
198,Hailstorm,Hoà Bình,01/01/1990,0,0,0
198,Hailstorm,Bắc Kạn,01/01/1990,0,0,0
197,Rain,Thừa Thiên-Huế,28/12/1991,0,13313,0
197,Rain,Quảng Ngãi,28/12/1991,0,10000,0
197,Rain,Hải Phòng,28/12/1991,0,0,0
197,Rain,Bình Định,28/12/1991,0,0,0
196,Cold Wave,Quảng Trị,19/10/1991,0,0,0
196,Cold Wave,Quảng Bình,19/10/1991,0,0,0
195,Storm,Quảng Bình,17/08/1991,0,0,0
195,Storm,Nghệ An,17/08/1991,0,0,0
194,Storm,Quảng Ninh,13/07/1991,0,0,0
194,Storm,Hải Phòng,13/07/1991,0,0,0
193,Cyclone,Quảng Ngãi,15/03/1991,0,0,0
193,Cyclone,Phú Yên,15/03/1991,0,0,0
193,Cyclone,Khánh Hoà,15/03/1991,0,0,0
192,Flood,Tiền Giang,01/01/1991,0,204995,0
192,Flood,Long An,01/01/1991,0,228705,0
192,Flood,Kiên Giang,01/01/1991,0,140000,0
192,Flood,Hậu Giang,01/01/1991,0,28710,0
192,Flood,Đồng Tháp,01/01/1991,0,400000,0
192,Flood,An Giang,01/01/1991,0,316980,0
191,Landslide,Sơn La,01/07/1991,0,0,0
191,Landslide,Lai Châu,01/07/1991,0,2122,0
190,Hailstorm,Trà Vinh,01/01/1991,0,0,0
190,Hailstorm,Đăk Lăk,01/01/1991,0,0,0
19,Flood,Yên Bái,22/08/2008,0,0,0
19,Flood,Vĩnh Phúc,22/08/2008,0,0,0
19,Flood,Tuyên Quang,22/08/2008,0,0,0
19,Flood,Thái Nguyên,22/08/2008,0,0,0
19,Flood,Quảng Ninh,22/08/2008,0,0,0
19,Flood,Quảng Bình,22/08/2008,0,0,0
19,Flood,Phú Thọ,22/08/2008,0,0,0
19,Flood,Lạng Sơn,22/08/2008,0,0,0
19,Flood,Lai Châu,22/08/2008,0,0,0
19,Flood,Lao Cai,22/08/2008,0,0,0
19,Flood,Hà Giang,22/08/2008,0,0,0
19,Flood,Điện Biên,22/08/2008,0,0,0
19,Flood,Cao Bằng,22/08/2008,0,0,0
19,Flood,Bắc Kạn,22/08/2008,0,0,0
189,Hailstorm,Thừa Thiên-Huế,01/01/1992,0,0,0
189,Hailstorm,Thanh Hoá,01/01/1992,0,0,0
189,Hailstorm,Sơn La,01/01/1992,0,0,0
189,Hailstorm,Quảng Ngãi,01/01/1992,0,0,0
189,Hailstorm,Lâm Đồng,01/01/1992,0,0,0
189,Hailstorm,Hà Tây,01/01/1992,0,0,0
189,Hailstorm,Hải Phòng,01/01/1992,0,0,0
189,Hailstorm,Hà Giang,01/01/1992,0,0,0
189,Hailstorm,Hoà Bình,01/01/1992,0,0,0
189,Hailstorm,Đà Nẵng,01/01/1992,0,0,0
189,Hailstorm,Đăk Lăk,01/01/1992,0,0,0
188,Flood,Thừa Thiên-Huế,28/10/1992,0,0,0
188,Flood,Quảng Trị,28/10/1992,0,3160,0
188,Flood,Quảng Bình,28/10/1992,0,114100,0
187,Flood,Thanh Hoá,23/10/1992,0,0,0
187,Flood,Quảng Ngãi,23/10/1992,0,0,0
187,Flood,Phú Yên,23/10/1992,0,0,0
187,Flood,Ninh Thuận,23/10/1992,0,0,0
187,Flood,Khánh Hoà,23/10/1992,0,0,0
187,Flood,Gia Lai,23/10/1992,0,0,0
187,Flood,Đăk Lăk,23/10/1992,0,0,0
187,Flood,Bình Thuận,23/10/1992,0,0,0
187,Flood,Bình Định,23/10/1992,0,0,0
186,Flood,Thừa Thiên-Huế,05/10/1992,0,0,0
186,Flood,Quảng Trị,05/10/1992,0,18000,0
186,Flood,Quảng Bình,05/10/1992,0,43859,0
186,Flood,Nghệ An,05/10/1992,0,0,0
186,Flood,Hà Tĩnh,05/10/1992,0,0,0
185,Cyclone,Thanh Hoá,01/09/1992,0,0,0
185,Cyclone,Nghệ An,01/09/1992,0,0,0
185,Cyclone,Hà Tĩnh,01/09/1992,0,0,0
184,Flood,Yên Bái,20/07/1992,0,0,0
184,Flood,Tuyên Quang,20/07/1992,0,380000,0
184,Flood,Thanh Hoá,20/07/1992,0,0,0
184,Flood,Thái Bình,20/07/1992,0,0,0
184,Flood,Sơn La,20/07/1992,0,0,0
184,Flood,Quảng Ninh,20/07/1992,0,0,0
184,Flood,Ninh Bình,20/07/1992,0,0,0
184,Flood,Lạng Sơn,20/07/1992,0,0,0
184,Flood,Hà Tây,20/07/1992,0,0,0
184,Flood,Hải Phòng,20/07/1992,0,0,0
184,Flood,Hà Nội,20/07/1992,0,0,0
183,Storm,Thái Bình,29/06/1992,0,0,0
183,Storm,Quảng Ninh,29/06/1992,0,0,0
183,Storm,Quảng Ngãi,29/06/1992,0,0,0
183,Storm,Ninh Bình,29/06/1992,0,0,0
183,Storm,Hà Tây,29/06/1992,0,0,0
183,Storm,Hải Phòng,29/06/1992,0,0,0
183,Storm,Hà Nội,29/06/1992,0,0,0
183,Storm,Hoà Bình,29/06/1992,0,0,0
182,Landslide,Sơn La,01/01/1992,0,0,0
182,Landslide,Lâm Đồng,01/01/1992,0,0,0
182,Landslide,Lai Châu,01/01/1992,0,0,0
182,Landslide,Lao Cai,01/01/1992,0,0,0
182,Landslide,Đồng Tháp,01/01/1992,0,0,0
182,Landslide,Cao Bằng,01/01/1992,0,0,0
181,Surge,Trà Vinh,27/10/1992,0,0,0
181,Surge,Thanh Hoá,27/10/1992,0,0,0
181,Surge,Sóc Trăng,27/10/1992,0,0,0
181,Surge,Lao Cai,27/10/1992,0,0,0
181,Surge,Bến Tre,27/10/1992,0,0,0
180,Hailstorm,Trà Vinh,01/01/1993,0,0,0
180,Hailstorm,Thừa Thiên-Huế,01/01/1993,0,0,0
180,Hailstorm,Tuyên Quang,01/01/1993,0,0,0
180,Hailstorm,Thanh Hoá,01/01/1993,0,0,0
180,Hailstorm,Tiền Giang,01/01/1993,0,0,0
180,Hailstorm,Sơn La,01/01/1993,0,0,0
180,Hailstorm,Quảng Ninh,01/01/1993,0,0,0
180,Hailstorm,Nghệ An,01/01/1993,0,0,0
180,Hailstorm,Long An,01/01/1993,0,0,0
180,Hailstorm,Hà Nội,01/01/1993,0,0,0
180,Hailstorm,Hà Giang,01/01/1993,0,0,0
180,Hailstorm,Thành phố Hồ Chí Minh,01/01/1993,0,0,0
180,Hailstorm,Hoà Bình,01/01/1993,0,0,0
180,Hailstorm,Đồng Nai,01/01/1993,0,0,0
180,Hailstorm,Đăk Lăk,01/01/1993,0,0,0
180,Hailstorm,Bến Tre,01/01/1993,0,0,0
18,Flood,Yên Bái,30/10/2008,0,0,0
18,Flood,Vĩnh Phúc,30/10/2008,0,0,0
18,Flood,Tuyên Quang,30/10/2008,0,0,0
18,Flood,Thái Nguyên,30/10/2008,0,0,0
18,Flood,Thanh Hoá,30/10/2008,0,0,0
18,Flood,Thái Bình,30/10/2008,0,0,0
18,Flood,Quảng Bình,30/10/2008,0,0,0
18,Flood,Phú Thọ,30/10/2008,0,0,0
18,Flood,Nghệ An,30/10/2008,0,0,0
18,Flood,Nam Định,30/10/2008,0,0,0
18,Flood,Ninh Bình,30/10/2008,0,41230,0
18,Flood,Lạng Sơn,30/10/2008,0,0,0
18,Flood,Hà Tĩnh,30/10/2008,0,0,0
18,Flood,Hà Nội,30/10/2008,0,0,0
18,Flood,Hà Nam,30/10/2008,0,0,0
18,Flood,Hà Giang,30/10/2008,0,0,0
18,Flood,Hải Dương,30/10/2008,0,0,0
18,Flood,Hoà Bình,30/10/2008,0,0,0
18,Flood,Bắc Ninh,30/10/2008,0,0,0
18,Flood,Bắc Kạn,30/10/2008,0,0,0
18,Flood,Bac Giang,30/10/2008,0,0,0
179,Storm,Ninh Thuận,08/12/1993,0,0,0
179,Storm,Lâm Đồng,08/12/1993,0,0,0
179,Storm,Khánh Hoà,08/12/1993,0,0,0
179,Storm,Bình Thuận,08/12/1993,0,0,0
178,Storm,Quảng Ngãi,23/11/1993,0,0,0
178,Storm,Phú Yên,23/11/1993,0,60000,0
178,Storm,Khánh Hoà,23/11/1993,0,60000,0
178,Storm,Đăk Lăk,23/11/1993,0,0,0
178,Storm,Bình Định,23/11/1993,0,0,0
177,Storm,Thanh Hoá,12/07/1993,0,0,0
177,Storm,Nghệ An,12/07/1993,0,0,0
176,Flood,Thừa Thiên-Huế,19/10/1993,0,0,0
176,Flood,Quảng Bình,19/10/1993,0,3361,0
176,Flood,Hà Tĩnh,19/10/1993,0,0,0
175,Flood,Phú Yên,02/10/1993,0,0,0
175,Flood,Khánh Hoà,02/10/1993,0,0,0
175,Flood,Gia Lai,02/10/1993,0,0,0
175,Flood,Đăk Lăk,02/10/1993,0,0,0
175,Flood,Bình Thuận,02/10/1993,0,0,0
175,Flood,Bình Định,02/10/1993,0,0,0
174,Flood,Nghệ An,06/09/1993,0,0,0
174,Flood,Hà Tĩnh,06/09/1993,0,0,0
173,Flash flood,Lạng Sơn,01/01/1993,0,0,0
173,Flash flood,Lao Cai,01/01/1993,0,0,0
173,Flash flood,Hà Giang,01/01/1993,0,0,0
173,Flash flood,Đăk Lăk,01/01/1993,0,0,0
172,Flood,Thanh Hoá,05/10/1994,0,0,0
172,Flood,Nghệ An,05/10/1994,0,0,0
172,Flood,Ninh Bình,05/10/1994,0,0,0
172,Flood,Hoà Bình,05/10/1994,0,0,0
171,Flood,Thừa Thiên-Huế,30/09/1994,0,0,0
171,Flood,Quảng Ninh,30/09/1994,0,0,0
171,Flood,Quảng Ngãi,30/09/1994,0,0,0
171,Flood,Lạng Sơn,30/09/1994,0,0,0
171,Flood,Kon Tum,30/09/1994,0,0,0
171,Flood,Hải Phòng,30/09/1994,0,0,0
171,Flood,Gia Lai,30/09/1994,0,0,0
170,Flood,Quảng Ninh,12/09/1994,0,0,0
170,Flood,Ninh Bình,12/09/1994,0,0,0
170,Flood,Lạng Sơn,12/09/1994,0,0,0
170,Flood,Hà Tây,12/09/1994,0,0,0
170,Flood,Hải Phòng,12/09/1994,0,0,0
170,Flood,Hà Nội,12/09/1994,0,0,0
170,Flood,Hoà Bình,12/09/1994,0,0,0
169,Flood,Thanh Hoá,01/08/1994,0,0,0
169,Flood,Nghệ An,01/08/1994,0,0,0
169,Flood,Ninh Bình,01/08/1994,0,0,0
169,Flood,Lạng Sơn,01/08/1994,0,0,0
168,Flood,Vĩnh Long,01/07/1994,0,7800,0
168,Flood,Tiền Giang,01/07/1994,0,43050,0
168,Flood,Long An,01/07/1994,0,310878,0
168,Flood,Kiên Giang,01/07/1994,0,241000,0
168,Flood,Đồng Tháp,01/07/1994,0,0,0
168,Flood,Cần Thơ,01/07/1994,0,40230,0
168,Flood,An Giang,01/07/1994,0,0,0
167,Flash flood,Sơn La,01/07/1994,0,0,0
167,Flash flood,Quảng Ninh,01/07/1994,0,0,0
167,Flash flood,Ninh Thuận,01/07/1994,0,0,0
167,Flash flood,Lạng Sơn,01/07/1994,0,0,0
167,Flash flood,Lai Châu,01/07/1994,0,0,0
167,Flash flood,Kon Tum,01/07/1994,0,0,0
167,Flash flood,Bình Thuận,01/07/1994,0,0,0
166,Hailstorm,Yên Bái,01/01/1994,0,0,0
166,Hailstorm,Thanh Hoá,01/01/1994,0,0,0
166,Hailstorm,Tiền Giang,01/01/1994,0,0,0
166,Hailstorm,Sóc Trăng,01/01/1994,0,0,0
166,Hailstorm,Sơn La,01/01/1994,0,0,0
166,Hailstorm,Quảng Bình,01/01/1994,0,0,0
166,Hailstorm,Ninh Thuận,01/01/1994,0,0,0
166,Hailstorm,Nghệ An,01/01/1994,0,0,0
166,Hailstorm,Lạng Sơn,01/01/1994,0,0,0
166,Hailstorm,Kon Tum,01/01/1994,0,0,0
166,Hailstorm,Hà Tĩnh,01/01/1994,0,0,0
166,Hailstorm,Hoà Bình,01/01/1994,0,0,0
166,Hailstorm,Đồng Tháp,01/01/1994,0,0,0
166,Hailstorm,Đăk Lăk,01/01/1994,0,0,0
166,Hailstorm,Cần Thơ,01/01/1994,0,0,0
166,Hailstorm,Cao Bằng,01/01/1994,0,0,0
166,Hailstorm,Bình Thuận,01/01/1994,0,0,0
165,Flood,Tiền Giang,01/10/1995,0,0,0
165,Flood,Long An,01/10/1995,0,0,0
165,Flood,Kiên Giang,01/10/1995,0,0,0
165,Flood,Đồng Tháp,01/10/1995,0,0,0
165,Flood,Cần Thơ,01/10/1995,0,0,0
165,Flood,An Giang,01/10/1995,0,0,0
164,Flood,Quảng Trị,01/11/1995,0,0,0
164,Flood,Quảng Ngãi,01/11/1995,0,0,0
164,Flood,Quảng Bình,01/11/1995,0,0,0
164,Flood,Bình Định,01/11/1995,0,0,0
163,Flood,Thừa Thiên-Huế,26/10/1995,0,0,0
163,Flood,Quảng Trị,26/10/1995,0,0,0
163,Flood,Quảng Ngãi,26/10/1995,0,0,0
163,Flood,Quảng Nam,26/10/1995,0,0,0
163,Flood,Phú Yên,26/10/1995,0,0,0
163,Flood,Gia Lai,26/10/1995,0,0,0
163,Flood,Bình Định,26/10/1995,0,0,0
162,Flood,Thanh Hoá,29/08/1995,0,0,0
162,Flood,Nghệ An,29/08/1995,0,0,0
162,Flood,Ninh Bình,29/08/1995,0,0,0
161,Cold Wave,Thừa Thiên-Huế,05/10/1995,0,0,0
161,Cold Wave,Quảng Trị,05/10/1995,0,0,0
161,Cold Wave,Quảng Ngãi,05/10/1995,0,0,0
161,Cold Wave,Quảng Bình,05/10/1995,0,0,0
161,Cold Wave,Hà Tĩnh,05/10/1995,0,0,0
160,Flood,Tuyên Quang,10/08/1995,0,43958,0
160,Flood,Sơn La,10/08/1995,0,0,0
160,Flood,Lao Cai,10/08/1995,0,0,0
160,Flood,Hà Giang,10/08/1995,0,0,0
159,Flash flood,Yên Bái,01/01/1995,0,0,0
159,Flash flood,Thanh Hoá,01/01/1995,0,0,0
159,Flash flood,Sơn La,01/01/1995,0,0,0
159,Flash flood,Ninh Thuận,01/01/1995,0,0,0
159,Flash flood,Lao Cai,01/01/1995,0,0,0
159,Flash flood,Hà Giang,01/01/1995,0,0,0
159,Flash flood,Hoà Bình,01/01/1995,0,0,0
159,Flash flood,Bình Thuận,01/01/1995,0,0,0
158,Hailstorm,Vĩnh Long,01/01/1995,0,0,0
158,Hailstorm,Trà Vinh,01/01/1995,0,0,0
158,Hailstorm,Tuyên Quang,01/01/1995,0,0,0
158,Hailstorm,Thanh Hoá,01/01/1995,0,0,0
158,Hailstorm,Tiền Giang,01/01/1995,0,0,0
158,Hailstorm,Sóc Trăng,01/01/1995,0,0,0
158,Hailstorm,Sơn La,01/01/1995,0,0,0
158,Hailstorm,Nghệ An,01/01/1995,0,0,0
158,Hailstorm,Lâm Đồng,01/01/1995,0,0,0
158,Hailstorm,Hà Tĩnh,01/01/1995,0,0,0
158,Hailstorm,Gia Lai,01/01/1995,0,0,0
158,Hailstorm,Cần Thơ,01/01/1995,0,0,0
158,Hailstorm,Bình Thuận,01/01/1995,0,0,0
158,Hailstorm,An Giang,01/01/1995,0,0,0
157,Flood,Vĩnh Long,01/10/1996,0,0,0
157,Flood,Trà Vinh,01/10/1996,0,0,0
157,Flood,Tây Ninh,01/10/1996,0,0,0
157,Flood,Tiền Giang,01/10/1996,0,0,0
157,Flood,Sóc Trăng,01/10/1996,0,0,0
157,Flood,Long An,01/10/1996,0,0,0
157,Flood,Kiên Giang,01/10/1996,0,0,0
157,Flood,Thành phố Hồ Chí Minh,01/10/1996,0,0,0
157,Flood,Đồng Tháp,01/10/1996,0,0,0
157,Flood,Cần Thơ,01/10/1996,0,0,0
157,Flood,Bến Tre,01/10/1996,0,0,0
156,Flood,Quảng Ngãi,18/12/1996,0,0,0
156,Flood,Phú Yên,18/12/1996,0,0,0
156,Flood,Ninh Thuận,18/12/1996,0,0,0
156,Flood,Khánh Hoà,18/12/1996,0,0,0
156,Flood,Bình Định,18/12/1996,0,0,0
155,Flood,Quảng Ngãi,01/12/1996,0,0,0
155,Flood,Phú Yên,01/12/1996,0,0,0
155,Flood,Khánh Hoà,01/12/1996,0,0,0
155,Flood,Bình Định,01/12/1996,0,0,0
154,Flood,Thừa Thiên-Huế,17/11/1996,0,0,0
154,Flood,Quảng Trị,17/11/1996,0,0,0
154,Flood,Quảng Ngãi,17/11/1996,0,0,0
154,Flood,Quảng Nam,17/11/1996,0,0,0
154,Flood,Quảng Bình,17/11/1996,0,0,0
154,Flood,Khánh Hoà,17/11/1996,0,0,0
154,Flood,Gia Lai,17/11/1996,0,0,0
154,Flood,Đăk Lăk,17/11/1996,0,0,0
154,Flood,Bình Định,17/11/1996,0,0,0
153,Flood,Thừa Thiên-Huế,01/11/1996,0,0,0
153,Flood,Thanh Hoá,01/11/1996,0,0,0
153,Flood,Quảng Trị,01/11/1996,0,0,0
153,Flood,Quảng Ngãi,01/11/1996,0,0,0
153,Flood,Quảng Bình,01/11/1996,0,0,0
153,Flood,Ninh Thuận,01/11/1996,0,0,0
153,Flood,Nghệ An,01/11/1996,0,0,0
153,Flood,Kon Tum,01/11/1996,0,0,0
153,Flood,Khánh Hoà,01/11/1996,0,0,0
153,Flood,Hà Tĩnh,01/11/1996,0,0,0
153,Flood,Gia Lai,01/11/1996,0,0,0
153,Flood,Bình Thuận,01/11/1996,0,0,0
153,Flood,Bình Định,01/11/1996,0,0,0
152,Flood,Thừa Thiên-Huế,22/10/1996,0,0,0
152,Flood,Quảng Trị,22/10/1996,0,0,0
152,Flood,Quảng Ngãi,22/10/1996,0,0,0
151,Cyclone,Thừa Thiên-Huế,01/10/1996,0,0,0
151,Cyclone,Thanh Hoá,01/10/1996,0,0,0
151,Cyclone,Quảng Trị,01/10/1996,0,0,0
151,Cyclone,Quảng Bình,01/10/1996,0,0,0
151,Cyclone,Nghệ An,01/10/1996,0,0,0
151,Cyclone,Kon Tum,01/10/1996,0,0,0
151,Cyclone,Hà Tĩnh,01/10/1996,0,0,0
151,Cyclone,Gia Lai,01/10/1996,0,0,0
151,Cyclone,Bình Định,01/10/1996,0,0,0
150,Flash flood,Quảng Ninh,01/01/1996,0,0,0
150,Flash flood,Lai Châu,01/01/1996,0,0,0
150,Flash flood,Lao Cai,01/01/1996,0,0,0
150,Flash flood,Hà Giang,01/01/1996,0,0,0
150,Flash flood,Cao Bằng,01/01/1996,0,0,0
150,Flash flood,Bình Thuận,01/01/1996,0,0,0
149,Flood,Hà Tây,01/09/1996,0,64000,0
149,Flood,Hà Nội,01/09/1996,0,92606,0
149,Flood,Hoà Bình,01/09/1996,0,0,0
148,Flood,Thanh Hoá,06/09/1996,0,0,0
148,Flood,Thái Bình,06/09/1996,0,50000,0
148,Flood,Quảng Ninh,06/09/1996,0,0,0
148,Flood,Ninh Bình,06/09/1996,0,0,0
148,Flood,Hải Phòng,06/09/1996,0,0,0
147,Cyclone,Tuyên Quang,15/08/1996,0,370897,0
147,Cyclone,Thanh Hoá,15/08/1996,0,8000,0
147,Cyclone,Sơn La,15/08/1996,0,0,0
147,Cyclone,Ninh Bình,15/08/1996,0,0,0
147,Cyclone,Lao Cai,15/08/1996,0,0,0
147,Cyclone,Hà Giang,15/08/1996,0,341400,0
147,Cyclone,Hoà Bình,15/08/1996,0,0,0
146,Flood,Yên Bái,01/01/1996,0,0,0
146,Flood,Thanh Hoá,01/01/1996,0,0,0
146,Flood,Thái Bình,01/01/1996,0,0,0
146,Flood,Sơn La,01/01/1996,0,0,0
146,Flood,Quảng Ninh,01/01/1996,0,0,0
146,Flood,Ninh Bình,01/01/1996,0,0,0
146,Flood,Khánh Hoà,01/01/1996,0,0,0
146,Flood,Hà Tây,01/01/1996,0,0,0
146,Flood,Hải Phòng,01/01/1996,0,0,0
146,Flood,Hà Nội,01/01/1996,0,0,0
146,Flood,Hà Nam,01/01/1996,0,0,0
146,Flood,Hoà Bình,01/01/1996,0,0,0
145,Flood,Vĩnh Long,02/11/1997,0,0,0
145,Flood,Trà Vinh,02/11/1997,0,0,0
145,Flood,Tiền Giang,02/11/1997,0,0,0
145,Flood,Sóc Trăng,02/11/1997,0,0,0
145,Flood,Quảng Ngãi,02/11/1997,0,0,0
145,Flood,Quảng Bình,02/11/1997,0,0,0
145,Flood,Phú Yên,02/11/1997,0,0,0
145,Flood,Ninh Thuận,02/11/1997,0,0,0
145,Flood,Long An,02/11/1997,0,0,0
145,Flood,Khánh Hoà,02/11/1997,0,0,0
145,Flood,Kiên Giang,02/11/1997,0,0,0
145,Flood,Thành phố Hồ Chí Minh,02/11/1997,0,0,0
145,Flood,Đồng Tháp,02/11/1997,0,0,0
145,Flood,Cần Thơ,02/11/1997,0,0,0
145,Flood,Cà Mau,02/11/1997,0,495495,0
145,Flood,Bến Tre,02/11/1997,0,0,0
145,Flood,Bình Thuận,02/11/1997,0,0,0
145,Flood,Ba Ria-Vung Tau,02/11/1997,0,0,0
145,Flood,Bạc Liêu,02/11/1997,0,0,0
145,Flood,Bình Định,02/11/1997,0,0,0
145,Flood,An Giang,02/11/1997,0,0,0
144,Flood,Quảng Ngãi,29/10/1997,0,0,0
144,Flood,Phú Yên,29/10/1997,0,0,0
144,Flood,Khánh Hoà,29/10/1997,0,0,0
144,Flood,Bình Định,29/10/1997,0,0,0
143,Flood,Thừa Thiên-Huế,25/09/1997,0,0,0
143,Flood,Quảng Trị,25/09/1997,0,0,0
143,Flood,Quảng Ngãi,25/09/1997,0,0,0
143,Flood,Quảng Nam,25/09/1997,0,0,0
143,Flood,Quảng Bình,25/09/1997,0,0,0
143,Flood,Đà Nẵng,25/09/1997,0,0,0
142,Flood,Quảng Ngãi,19/09/1997,0,0,0
142,Flood,Quảng Nam,19/09/1997,0,0,0
142,Flood,Kon Tum,19/09/1997,0,0,0
142,Flood,Bình Thuận,19/09/1997,0,0,0
141,Surge,Sóc Trăng,01/05/1997,0,0,0
140,Flood,Thanh Hoá,01/07/1997,0,0,0
140,Flood,Thái Bình,01/07/1997,0,0,0
140,Flood,Ninh Bình,01/07/1997,0,0,0
140,Flood,Lạng Sơn,01/07/1997,0,0,0
140,Flood,Hưng Yên,01/07/1997,0,0,0
140,Flood,Hà Tây,01/07/1997,0,0,0
140,Flood,Hải Phòng,01/07/1997,0,0,0
140,Flood,Hà Nội,01/07/1997,0,0,0
140,Flood,Hà Nam,01/07/1997,0,0,0
140,Flood,Hải Dương,01/07/1997,0,0,0
139,Flood,Long An,01/08/1997,0,0,0
139,Flood,Kiên Giang,01/08/1997,0,0,0
139,Flood,Đồng Tháp,01/08/1997,0,0,0
139,Flood,An Giang,01/08/1997,0,0,0
138,Flood,Vĩnh Phúc,20/07/1997,0,0,0
138,Flood,Tuyên Quang,20/07/1997,0,0,0
138,Flood,Phú Thọ,20/07/1997,0,0,0
138,Flood,Nam Định,20/07/1997,0,0,0
138,Flood,Ninh Bình,20/07/1997,0,0,0
138,Flood,Hà Tây,20/07/1997,0,0,0
138,Flood,Hải Phòng,20/07/1997,0,0,0
138,Flood,Hà Nội,20/07/1997,0,0,0
138,Flood,Hà Nam,20/07/1997,0,0,0
138,Flood,Hải Dương,20/07/1997,0,0,0
138,Flood,Bắc Ninh,20/07/1997,0,0,0
138,Flood,Bac Giang,20/07/1997,0,0,0
137,Flash flood,Yên Bái,01/01/1997,0,0,0
137,Flash flood,Thừa Thiên-Huế,01/01/1997,0,0,0
137,Flash flood,Tuyên Quang,01/01/1997,0,0,0
137,Flash flood,Tây Ninh,01/01/1997,0,0,0
137,Flash flood,Thái Nguyên,01/01/1997,0,0,0
137,Flash flood,Sơn La,01/01/1997,0,0,0
137,Flash flood,Lai Châu,01/01/1997,0,0,0
137,Flash flood,Lao Cai,01/01/1997,0,0,0
137,Flash flood,Kiên Giang,01/01/1997,0,0,0
137,Flash flood,Hà Giang,01/01/1997,0,0,0
137,Flash flood,Gia Lai,01/01/1997,0,0,0
137,Flash flood,Bình Thuận,01/01/1997,0,0,0
137,Flash flood,Bình Phước,01/01/1997,0,0,0
137,Flash flood,Bắc Kạn,01/01/1997,0,0,0
136,Flood,Thừa Thiên-Huế,10/12/1998,0,0,0
136,Flood,Sóc Trăng,10/12/1998,0,0,0
136,Flood,Quảng Ngãi,10/12/1998,0,0,0
136,Flood,Quảng Nam,10/12/1998,0,0,0
136,Flood,Phú Yên,10/12/1998,0,0,0
136,Flood,Ninh Thuận,10/12/1998,0,0,0
136,Flood,Lâm Đồng,10/12/1998,0,0,0
136,Flood,Khánh Hoà,10/12/1998,0,0,0
136,Flood,Kiên Giang,10/12/1998,0,0,0
136,Flood,Cà Mau,10/12/1998,0,0,0
136,Flood,Bến Tre,10/12/1998,0,0,0
136,Flood,Bình Thuận,10/12/1998,0,0,0
136,Flood,Ba Ria-Vung Tau,10/12/1998,0,0,0
136,Flood,Bạc Liêu,10/12/1998,0,0,0
136,Flood,Bình Định,10/12/1998,0,0,0
135,Flood,Quảng Ngãi,26/11/1998,0,0,0
135,Flood,Kon Tum,26/11/1998,0,0,0
135,Flood,Gia Lai,26/11/1998,0,0,0
135,Flood,Bình Định,26/11/1998,0,0,0
134,Flood,Thừa Thiên-Huế,20/11/1998,0,0,0
134,Flood,Quảng Trị,20/11/1998,0,0,0
134,Flood,Quảng Ngãi,20/11/1998,0,0,0
134,Flood,Quảng Nam,20/11/1998,0,0,0
134,Flood,Quảng Bình,20/11/1998,0,0,0
134,Flood,Phú Yên,20/11/1998,0,0,0
134,Flood,Ninh Thuận,20/11/1998,0,0,0
134,Flood,Lâm Đồng,20/11/1998,0,0,0
134,Flood,Kon Tum,20/11/1998,0,0,0
134,Flood,Khánh Hoà,20/11/1998,0,0,0
134,Flood,Gia Lai,20/11/1998,0,0,0
134,Flood,Đà Nẵng,20/11/1998,0,0,0
134,Flood,Đăk Lăk,20/11/1998,0,0,0
134,Flood,Bình Định,20/11/1998,0,0,0
133,Flood,Thừa Thiên-Huế,20/11/1998,0,0,0
133,Flood,Quảng Ngãi,20/11/1998,0,0,0
133,Flood,Phú Yên,20/11/1998,0,0,0
133,Flood,Ninh Thuận,20/11/1998,0,0,0
133,Flood,Khánh Hoà,20/11/1998,0,0,0
133,Flood,Đăk Lăk,20/11/1998,0,0,0
133,Flood,Bình Thuận,20/11/1998,0,0,0
133,Flood,Ba Ria-Vung Tau,20/11/1998,0,0,0
133,Flood,Bình Định,20/11/1998,0,0,0
132,Flood,Quảng Ngãi,19/10/1998,0,0,0
132,Flood,Phú Yên,19/10/1998,0,0,0
132,Flood,Ninh Thuận,19/10/1998,0,0,0
132,Flood,Khánh Hoà,19/10/1998,0,0,0
132,Flood,Bình Định,19/10/1998,0,0,0
131,Flood,Thừa Thiên-Huế,25/09/1998,0,0,0
131,Flood,Quảng Trị,25/09/1998,0,0,0
131,Flood,Quảng Ngãi,25/09/1998,0,0,0
131,Flood,Quảng Nam,25/09/1998,0,0,0
131,Flood,Quảng Bình,25/09/1998,0,0,0
131,Flood,Ninh Thuận,25/09/1998,0,0,0
131,Flood,Bình Thuận,25/09/1998,0,0,0
130,Flood,Tuyên Quang,07/07/1998,0,0,0
130,Flood,Phú Thọ,07/07/1998,0,0,0
130,Flood,Lao Cai,07/07/1998,0,0,0
129,Landslide,Yên Bái,01/01/1998,0,0,0
129,Landslide,Tuyên Quang,01/01/1998,0,0,0
129,Landslide,Quảng Ninh,01/01/1998,0,0,0
129,Landslide,Lạng Sơn,01/01/1998,0,0,0
129,Landslide,Lai Châu,01/01/1998,0,0,0
129,Landslide,Lao Cai,01/01/1998,0,0,0
129,Landslide,Hà Giang,01/01/1998,0,0,0
128,Hailstorm,Yên Bái,01/01/1998,0,0,0
128,Hailstorm,Vĩnh Phúc,01/01/1998,0,0,0
128,Hailstorm,Vĩnh Long,01/01/1998,0,0,0
128,Hailstorm,Thừa Thiên-Huế,01/01/1998,0,0,0
128,Hailstorm,Tuyên Quang,01/01/1998,0,0,0
128,Hailstorm,Thái Nguyên,01/01/1998,0,0,0
128,Hailstorm,Thanh Hoá,01/01/1998,0,0,0
128,Hailstorm,Thái Bình,01/01/1998,0,0,0
128,Hailstorm,Sơn La,01/01/1998,0,0,0
128,Hailstorm,Quảng Trị,01/01/1998,0,0,0
128,Hailstorm,Quảng Ngãi,01/01/1998,0,0,0
128,Hailstorm,Quảng Nam,01/01/1998,0,0,0
128,Hailstorm,Quảng Bình,01/01/1998,0,0,0
128,Hailstorm,Phú Yên,01/01/1998,0,0,0
128,Hailstorm,Phú Thọ,01/01/1998,0,0,0
128,Hailstorm,Lạng Sơn,01/01/1998,0,0,0
128,Hailstorm,Lai Châu,01/01/1998,0,0,0
128,Hailstorm,Lao Cai,01/01/1998,0,0,0
128,Hailstorm,Kon Tum,01/01/1998,0,0,0
128,Hailstorm,Kiên Giang,01/01/1998,0,0,0
128,Hailstorm,Hưng Yên,01/01/1998,0,0,0
128,Hailstorm,Hà Tĩnh,01/01/1998,0,0,0
128,Hailstorm,Hà Tây,01/01/1998,0,0,0
128,Hailstorm,Hải Phòng,01/01/1998,0,0,0
128,Hailstorm,Hà Nội,01/01/1998,0,0,0
128,Hailstorm,Hà Giang,01/01/1998,0,0,0
128,Hailstorm,Hoà Bình,01/01/1998,0,0,0
128,Hailstorm,Đồng Nai,01/01/1998,0,0,0
128,Hailstorm,Đà Nẵng,01/01/1998,0,0,0
128,Hailstorm,Đăk Lăk,01/01/1998,0,0,0
128,Hailstorm,Cà Mau,01/01/1998,0,0,0
128,Hailstorm,Bắc Kạn,01/01/1998,0,0,0
128,Hailstorm,Bac Giang,01/01/1998,0,0,0
128,Hailstorm,Bình Dương,01/01/1998,0,0,0
127,Hailstorm,Vĩnh Long,01/01/1999,0,0,0
127,Hailstorm,Trà Vinh,01/01/1999,0,0,0
127,Hailstorm,Thừa Thiên-Huế,01/01/1999,0,0,0
127,Hailstorm,Thanh Hoá,01/01/1999,0,0,0
127,Hailstorm,Tiền Giang,01/01/1999,0,0,0
127,Hailstorm,Sơn La,01/01/1999,0,0,0
127,Hailstorm,Quảng Ninh,01/01/1999,0,0,0
127,Hailstorm,Quảng Bình,01/01/1999,0,0,0
127,Hailstorm,Long An,01/01/1999,0,0,0
127,Hailstorm,Kiên Giang,01/01/1999,0,0,0
127,Hailstorm,Hà Giang,01/01/1999,0,0,0
127,Hailstorm,Đồng Tháp,01/01/1999,0,0,0
127,Hailstorm,Cần Thơ,01/01/1999,0,0,0
127,Hailstorm,Cà Mau,01/01/1999,0,0,0
127,Hailstorm,Bến Tre,01/01/1999,0,0,0
127,Hailstorm,Bạc Liêu,01/01/1999,0,0,0
126,Flood,Thừa Thiên-Huế,01/12/1999,0,0,0
126,Flood,Quảng Ngãi,01/12/1999,0,0,0
126,Flood,Quảng Nam,01/12/1999,0,0,0
126,Flood,Phú Yên,01/12/1999,0,0,0
126,Flood,Ninh Thuận,01/12/1999,0,0,0
126,Flood,Khánh Hoà,01/12/1999,0,0,0
126,Flood,Bình Định,01/12/1999,0,0,0
125,Flood,Thừa Thiên-Huế,01/11/1999,0,0,0
125,Flood,Quảng Trị,01/11/1999,0,0,0
125,Flood,Quảng Ngãi,01/11/1999,0,0,0
125,Flood,Quảng Nam,01/11/1999,0,0,0
125,Flood,Quảng Bình,01/11/1999,0,0,0
125,Flood,Phú Yên,01/11/1999,0,0,0
125,Flood,Ninh Thuận,01/11/1999,0,0,0
125,Flood,Đà Nẵng,01/11/1999,0,0,0
125,Flood,Đăk Lăk,01/11/1999,0,0,0
125,Flood,Bình Định,01/11/1999,0,0,0
124,Flood,Thừa Thiên-Huế,24/10/1999,0,0,0
124,Flood,Phú Yên,24/10/1999,0,0,0
124,Flood,Ninh Thuận,24/10/1999,0,0,0
124,Flood,Nghệ An,24/10/1999,0,0,0
124,Flood,Ninh Bình,24/10/1999,0,0,0
124,Flood,Ba Ria-Vung Tau,24/10/1999,0,0,0
123,Flood,Thừa Thiên-Huế,20/10/1999,0,0,0
123,Flood,Quảng Trị,20/10/1999,0,0,0
123,Flood,Quảng Ngãi,20/10/1999,0,0,0
123,Flood,Quảng Bình,20/10/1999,0,0,0
123,Flood,Hà Tĩnh,20/10/1999,0,0,0
123,Flood,Đà Nẵng,20/10/1999,0,0,0
122,Flood,Thanh Hoá,10/10/1999,0,0,0
122,Flood,Tiền Giang,10/10/1999,0,0,0
122,Flood,Nghệ An,10/10/1999,0,0,0
122,Flood,Bình Định,10/10/1999,0,0,0
121,Landslide,Phú Yên,01/06/1999,0,0,0
121,Landslide,Cà Mau,01/06/1999,0,0,0
121,Landslide,Bình Thuận,01/06/1999,0,0,0
120,Storm,Thừa Thiên-Huế,01/05/1999,0,0,0
120,Storm,Quảng Trị,01/05/1999,0,0,0
120,Storm,Quảng Ngãi,01/05/1999,0,0,0
120,Storm,Quảng Bình,01/05/1999,0,0,0
120,Storm,Đà Nẵng,01/05/1999,0,0,0
119,Flash flood,Tuyên Quang,01/06/1999,0,0,0
119,Flash flood,Sơn La,01/06/1999,0,0,0
119,Flash flood,Quảng Ninh,01/06/1999,0,0,0
119,Flash flood,Phú Thọ,01/06/1999,0,0,0
119,Flash flood,Lâm Đồng,01/06/1999,0,15000,0
119,Flash flood,Lai Châu,01/06/1999,0,0,0
119,Flash flood,Lao Cai,01/06/1999,0,0,0
119,Flash flood,Đồng Nai,01/06/1999,0,0,0
119,Flash flood,Đăk Lăk,01/06/1999,0,0,0
119,Flash flood,Cao Bằng,01/06/1999,0,0,0
119,Flash flood,Bình Thuận,01/06/1999,0,0,0
119,Flash flood,Bắc Kạn,01/06/1999,0,0,0
118,Hailstorm,Vĩnh Phúc,01/01/2000,0,0,0
118,Hailstorm,Trà Vinh,01/01/2000,0,0,0
118,Hailstorm,Thanh Hoá,01/01/2000,0,0,0
118,Hailstorm,Tiền Giang,01/01/2000,0,0,0
118,Hailstorm,Quảng Ninh,01/01/2000,0,0,0
118,Hailstorm,Phú Thọ,01/01/2000,0,0,0
118,Hailstorm,Nam Định,01/01/2000,0,0,0
118,Hailstorm,Lao Cai,01/01/2000,0,0,0
118,Hailstorm,Kiên Giang,01/01/2000,0,0,0
118,Hailstorm,Hà Giang,01/01/2000,0,0,0
118,Hailstorm,Cần Thơ,01/01/2000,0,0,0
118,Hailstorm,Ba Ria-Vung Tau,01/01/2000,0,0,0
118,Hailstorm,An Giang,01/01/2000,0,0,0
117,Flood,Quảng Ngãi,20/11/2000,0,0,0
117,Flood,Quảng Nam,20/11/2000,0,0,0
117,Flood,Phú Yên,20/11/2000,0,0,0
117,Flood,Ninh Thuận,20/11/2000,0,0,0
117,Flood,Lâm Đồng,20/11/2000,0,0,0
117,Flood,Khánh Hoà,20/11/2000,0,0,0
117,Flood,Đồng Nai,20/11/2000,0,0,0
117,Flood,Bình Thuận,20/11/2000,0,0,0
117,Flood,Bình Phước,20/11/2000,0,0,0
117,Flood,Bình Định,20/11/2000,0,0,0
116,Cyclone,Thừa Thiên-Huế,07/10/2000,0,0,0
116,Cyclone,Tây Ninh,07/10/2000,0,0,0
116,Cyclone,Quảng Trị,07/10/2000,0,0,0
116,Cyclone,Quảng Nam,07/10/2000,0,0,0
116,Cyclone,Phú Yên,07/10/2000,0,0,0
116,Cyclone,Ninh Thuận,07/10/2000,0,0,0
116,Cyclone,Lâm Đồng,07/10/2000,0,0,0
116,Cyclone,Khánh Hoà,07/10/2000,0,0,0
116,Cyclone,Thành phố Hồ Chí Minh,07/10/2000,0,0,0
116,Cyclone,Gia Lai,07/10/2000,0,0,0
116,Cyclone,Đồng Nai,07/10/2000,0,0,0
116,Cyclone,Đăk Lăk,07/10/2000,0,0,0
116,Cyclone,Bình Thuận,07/10/2000,0,0,0
116,Cyclone,Ba Ria-Vung Tau,07/10/2000,0,0,0
116,Cyclone,Bình Phước,07/10/2000,0,0,0
116,Cyclone,Bình Dương,07/10/2000,0,0,0
116,Cyclone,Bình Định,07/10/2000,0,0,0
115,Flood,Thanh Hoá,08/09/2000,0,0,0
115,Flood,Quảng Trị,08/09/2000,0,0,0
115,Flood,Quảng Bình,08/09/2000,0,0,0
115,Flood,Nghệ An,08/09/2000,0,0,0
115,Flood,Ninh Bình,08/09/2000,0,0,0
115,Flood,Hà Tĩnh,08/09/2000,0,0,0
115,Flood,Hoà Bình,08/09/2000,0,0,0
114,Flood,Thừa Thiên-Huế,20/08/2000,0,0,0
114,Flood,Quảng Trị,20/08/2000,0,0,0
114,Flood,Quảng Ngãi,20/08/2000,0,0,0
114,Flood,Quảng Nam,20/08/2000,0,0,0
114,Flood,Quảng Bình,20/08/2000,0,0,0
114,Flood,Kon Tum,20/08/2000,0,0,0
114,Flood,Hà Tĩnh,20/08/2000,0,0,0
114,Flood,Đà Nẵng,20/08/2000,0,0,0
114,Flood,Bình Định,20/08/2000,0,0,0
114,Flood,An Giang,20/08/2000,0,0,0
113,Flood,Vĩnh Long,01/10/2000,0,0,0
113,Flood,Tiền Giang,01/10/2000,0,0,0
113,Flood,Sóc Trăng,01/10/2000,0,0,0
113,Flood,Long An,01/10/2000,0,0,0
113,Flood,Kiên Giang,01/10/2000,0,0,0
113,Flood,Đồng Tháp,01/10/2000,0,0,0
113,Flood,Cần Thơ,01/10/2000,0,0,0
113,Flood,An Giang,01/10/2000,0,0,0
112,Flood,Yên Bái,21/07/2000,0,0,0
112,Flood,Tuyên Quang,21/07/2000,0,0,0
112,Flood,Thái Nguyên,21/07/2000,0,0,0
112,Flood,Hoà Bình,21/07/2000,0,0,0
112,Flood,Bac Giang,21/07/2000,0,0,0
111,Cold Wave,Hà Giang,01/01/2000,0,0,0
110,Flood,Thừa Thiên-Huế,24/01/2000,0,0,0
110,Flood,Quảng Trị,24/01/2000,0,0,0
110,Flood,Quảng Ngãi,24/01/2000,0,0,0
109,Flash flood,Vĩnh Phúc,01/07/2000,0,0,0
109,Flash flood,Tuyên Quang,01/07/2000,0,0,0
109,Flash flood,Phú Thọ,01/07/2000,0,0,0
109,Flash flood,Lai Châu,01/07/2000,0,0,0
109,Flash flood,Lao Cai,01/07/2000,0,0,0
109,Flash flood,Hà Giang,01/07/2000,0,0,0
109,Flash flood,Bình Thuận,01/07/2000,0,0,0
109,Flash flood,Bắc Kạn,01/07/2000,0,0,0
108,Hailstorm,Vĩnh Phúc,01/01/2001,0,0,0
108,Hailstorm,Tiền Giang,01/01/2001,0,0,0
108,Hailstorm,Quảng Trị,01/01/2001,0,0,0
108,Hailstorm,Quảng Ngãi,01/01/2001,0,0,0
108,Hailstorm,Quảng Nam,01/01/2001,0,0,0
108,Hailstorm,Quảng Bình,01/01/2001,0,0,0
108,Hailstorm,Phú Thọ,01/01/2001,0,0,0
108,Hailstorm,Lạng Sơn,01/01/2001,0,0,0
108,Hailstorm,Lai Châu,01/01/2001,0,0,0
108,Hailstorm,Hà Tĩnh,01/01/2001,0,0,0
108,Hailstorm,Hải Phòng,01/01/2001,0,0,0
108,Hailstorm,Hà Giang,01/01/2001,0,0,0
108,Hailstorm,Gia Lai,01/01/2001,0,0,0
108,Hailstorm,Đồng Tháp,01/01/2001,0,0,0
108,Hailstorm,Cà Mau,01/01/2001,0,0,0
108,Hailstorm,Bến Tre,01/01/2001,0,0,0
108,Hailstorm,Bình Thuận,01/01/2001,0,0,0
108,Hailstorm,Bạc Liêu,01/01/2001,0,0,0
107,Storm,Quảng Trị,08/12/2001,0,0,0
107,Storm,Quảng Ngãi,08/12/2001,0,0,0
107,Storm,Quảng Nam,08/12/2001,0,0,0
106,Flood,Thừa Thiên-Huế,10/11/2001,0,0,0
106,Flood,Quảng Trị,10/11/2001,0,0,0
106,Flood,Quảng Ngãi,10/11/2001,0,0,0
106,Flood,Quảng Nam,10/11/2001,0,0,0
106,Flood,Phú Yên,10/11/2001,0,0,0
106,Flood,Khánh Hoà,10/11/2001,0,0,0
106,Flood,Gia Lai,10/11/2001,0,0,0
106,Flood,Đà Nẵng,10/11/2001,0,0,0
106,Flood,Đăk Lăk,10/11/2001,0,0,0
106,Flood,Bình Định,10/11/2001,0,0,0
105,Flood,Thừa Thiên-Huế,20/10/2001,0,0,0
105,Flood,Quảng Trị,20/10/2001,0,0,0
105,Flood,Quảng Ngãi,20/10/2001,0,0,0
105,Flood,Quảng Nam,20/10/2001,0,0,0
105,Flood,Quảng Bình,20/10/2001,0,0,0
105,Flood,Phú Yên,20/10/2001,0,0,0
105,Flood,Nghệ An,20/10/2001,0,0,0
105,Flood,Khánh Hoà,20/10/2001,0,0,0
105,Flood,Hà Tĩnh,20/10/2001,0,0,0
105,Flood,Đà Nẵng,20/10/2001,0,0,0
105,Flood,Điện Biên,20/10/2001,0,0,0
105,Flood,Bình Định,20/10/2001,0,0,0
104,Flood,Vĩnh Long,01/01/2001,0,0,0
104,Flood,Tiền Giang,01/01/2001,0,0,0
104,Flood,Sóc Trăng,01/01/2001,0,0,0
104,Flood,Long An,01/01/2001,0,0,0
104,Flood,Kiên Giang,01/01/2001,0,0,0
104,Flood,Đồng Tháp,01/01/2001,0,0,0
104,Flood,Cần Thơ,01/01/2001,0,0,0
104,Flood,Bến Tre,01/01/2001,0,0,0
104,Flood,An Giang,01/01/2001,0,0,0
103,Storm,Quảng Trị,10/07/2001,0,0,0
103,Storm,Quảng Bình,10/07/2001,0,0,0
103,Storm,Nghệ An,10/07/2001,0,0,0
103,Storm,Hà Tĩnh,10/07/2001,0,0,0
102,Flood,Yên Bái,01/07/2001,0,0,0
102,Flood,Vĩnh Phúc,01/07/2001,0,0,0
102,Flood,Tuyên Quang,01/07/2001,0,0,0
102,Flood,Thái Nguyên,01/07/2001,0,0,0
102,Flood,Phú Thọ,01/07/2001,0,0,0
102,Flood,Lạng Sơn,01/07/2001,0,0,0
102,Flood,Lao Cai,01/07/2001,0,0,0
102,Flood,Hà Giang,01/07/2001,0,0,0
102,Flood,Điện Biên,01/07/2001,0,0,0
102,Flood,Cao Bằng,01/07/2001,0,0,0
102,Flood,Bắc Kạn,01/07/2001,0,0,0
101,Landslide,Lai Châu,01/02/2001,0,0,0
101,Landslide,Thành phố Hồ Chí Minh,01/02/2001,0,0,0
100,Flood,Yên Bái,01/06/2001,0,0,0
100,Flood,Lao Cai,01/06/2001,0,0,0
